id,title,releaseDate,ratingValue,ratingCount,genres,duration,url,posterUrl,description
969681,Spider-Man: Brand New Day,29 Juli 2026,7.9,2547,Science Fiction | Action | Adventure,,https://www.themoviedb.org/movie/969681,https://image.tmdb.org/t/p/w500/bjiS5ipwxb9JFy3XRRN4OAilSeX.jpg,"Empat tahun setelah peristiwa Spider-Man: No Way Home, Peter Parker sudah tidak ada lagi dan Spider-Man kini berada di puncak kemampuannya dalam menjaga Kota New York tetap aman. Semuanya berjalan dengan baik hingga serangkaian kejahatan yang tidak biasa menyeret Spider-Man ke dalam jaring misteri yang lebih besar dari apa pun yang pernah ia hadapi sebelumnya. Untuk menghadapi apa yang akan datang, Spider-Man tidak hanya harus berada dalam kondisi fisik dan mental terbaiknya, tetapi juga harus siap menghadapi konsekuensi dari masa lalunya!"
1204680,Coyote vs. Acme,20 Agustus 2026,7.662,271,Comedy | Adventure | Family,,https://www.themoviedb.org/movie/1204680,https://image.tmdb.org/t/p/w500/orkLtdgMGiO9rTVMqJ1kKwrnup1.jpg,
1368337,The Odyssey,15 Juli 2026,7.999,3573,Adventure | Action | Fantasy,,https://www.themoviedb.org/movie/1368337,https://image.tmdb.org/t/p/w500/5rhTDKUhPYvpdQIijFIs5VoWsON.jpg,"Odysseus, raja legendaris Yunani dari Ithaca, memulai perjalanan panjang dan berbahaya untuk pulang setelah Perang Troya, yang mengisahkan perjumpaannya dengan makhluk-makhluk mitologis seperti Cyclops Polyphemus, para Siren, dan penyihir-dewi Circe."
1288445,Mutiny,19 Agustus 2026,6.353,337,Action | Thriller,,https://www.themoviedb.org/movie/1288445,https://image.tmdb.org/t/p/w500/pu2VxGlpGwffOx292w18b1tv96j.jpg,
1375646,군체,21 Mei 2026,8.11,738,Action | Horror | Science Fiction,,https://www.themoviedb.org/movie/1375646,https://image.tmdb.org/t/p/w500/thK6glS5pklrlijsgSN6Hw9GLQK.jpg,
1386315,The Runner,3 September 2026,6.714,359,Thriller | Action,,https://www.themoviedb.org/movie/1386315,https://image.tmdb.org/t/p/w500/uxCaBoYXsDC4A0SqTm3SISj0OwK.jpg,"Dalam film triler psikologis The Runner, Maia Marten, seorang pengacara London yang pintar, merasa hidupnya hancur oleh satu telepon pada lari paginya: putranya diculik. Agar putranya kembali, dia harus terus berlari, mematuhi setiap perintah kejam dan tak memercayai siapa pun - tiap detik adalah ujian sejauh apa seorang ibu akan berjuang untuk menyelamatkan anaknya."
1108427,Moana,8 Juli 2026,6.9,438,Family | Fantasy | Comedy | Adventure,,https://www.themoviedb.org/movie/1108427,https://image.tmdb.org/t/p/w500/gaet1xQ2nxrG0V1Ep9T20ZMNEIC.jpg,
1137844,Mayday,3 September 2026,7.929,360,Action | Comedy,,https://www.themoviedb.org/movie/1137844,https://image.tmdb.org/t/p/w500/hVXjX1jLZ1ljFSNGXpjJfbTUOa7.jpg,"Saat seorang pilot Angkatan Laut AS dalam misi rahasia selama Perang Dingin terjebak di belakang garis musuh, satu-satunya peluang untuk bertahan hidup adalah menjalin aliansi dengan seorang mantan agen KGB eksentrik."
1506560,Clash of the Thundermans,3 September 2026,6.75,40,TV Movie | Family | Science Fiction | Action | Comedy,,https://www.themoviedb.org/movie/1506560,https://image.tmdb.org/t/p/w500/16oqRrWVzQm6qdGfBxvziZ2UiMT.jpg,
1285366,愛のぬくもり,6 Juli 2024,5.2,5,Romance,,https://www.themoviedb.org/movie/1285366,https://image.tmdb.org/t/p/w500/3r0O6BW9USoZ9mteCVyNKMQriRL.jpg,
1393326,Hantu Dalam Sel,16 April 2026,7.2,47,Horror | Comedy | Thriller,,https://www.themoviedb.org/movie/1393326,https://image.tmdb.org/t/p/w500/gF6Ijrq5bixh4qemCuroRwXtbBc.jpg,
1339713,Obsession,13 Mei 2026,8.195,5397,Horror | Thriller,,https://www.themoviedb.org/movie/1339713,https://image.tmdb.org/t/p/w500/bRwnj8WEKBCvmfeUNOukJPwB43K.jpg,"Setelah menghancurkan ""One Wish Willow"" yang misterius untuk memenangkan hati gebetannya, seorang romantis yang putus asa menemukan dirinya mendapatkan apa yang dia minta tetapi segera menemukan bahwa beberapa keinginan datang dengan harga yang gelap dan menyeramkan."
1516698,The Last Sunrise,26 Agustus 2026,6.6,142,Romance | Drama,,https://www.themoviedb.org/movie/1516698,https://image.tmdb.org/t/p/w500/3PWJqDfygN0YNNjWsDUOXclCp3h.jpg,"Berdasarkan novel kesayangan kita, The Last Sunrise menceritakan Ry, mahasiswi dengan penyakit kronis pergi berlibur ke Mallorca bersama ibunya. Saat dia jatuh cinta kepada Julián dan mulai menikmati hidupnya saat ini, penyakitnya makin parah dan rahasia keluarga yang lama terpendam mengungkapkan semuanya sebelum musim panas berakhir."
1084244,Toy Story 5,17 Juni 2026,8.35,2063,Animation | Family | Comedy | Adventure,,https://www.themoviedb.org/movie/1084244,https://image.tmdb.org/t/p/w500/sfQtVlIHljToOwYjhe21KPGzZWK.jpg,
1560520,Batman: Knightfall Part 1: Knightfall,23 Juni 2026,9.166,262,Animation | Action | Adventure | Science Fiction,,https://www.themoviedb.org/movie/1560520,https://image.tmdb.org/t/p/w500/360qdtu2hLnqMu8SVHMywn420w1.jpg,
1621552,La captura,21 Agustus 2026,8.787,581,Crime | Action | Thriller,,https://www.themoviedb.org/movie/1621552,https://image.tmdb.org/t/p/w500/iwCeOpuBtuTP1kLosqgniey5OvX.jpg,
1294189,The Mongoose,30 Oktober 2026,0,0,Action | Thriller,,https://www.themoviedb.org/movie/1294189,https://image.tmdb.org/t/p/w500/eSS5mvSG84UUuvtbHel5Yu3Wik4.jpg,
1514682,Above & Below,29 Juli 2026,6.2,25,Action | Thriller | Horror | Crime,,https://www.themoviedb.org/movie/1514682,https://image.tmdb.org/t/p/w500/7bOuu1SRALGwsG2fLCTvRkCmQBj.jpg,
1323244,Rage of Stars,6 Agustus 2026,5.9,79,Action | Science Fiction | Thriller,,https://www.themoviedb.org/movie/1323244,https://image.tmdb.org/t/p/w500/oLld47ZT1I3iecM3OWhIphohQUJ.jpg,
1315772,Minions & Monsters,24 Juni 2026,7.555,1064,Adventure | Animation | Comedy | Family | Fantasy,,https://www.themoviedb.org/movie/1315772,https://image.tmdb.org/t/p/w500/4LwvU9SZc8QQzW1X1FAPhNbXnEU.jpg,
1213243,ಟಾಕ್ಸಿಕ್,26 Agustus 2026,7.944,71,Action | Crime | Drama,,https://www.themoviedb.org/movie/1213243,https://image.tmdb.org/t/p/w500/oiIPU4lvnI0Ag2K9cyAi44eCaoE.jpg,
1232569,Pinocchio: Unstrung,22 Juli 2026,6.597,93,Horror | Fantasy | Mystery,,https://www.themoviedb.org/movie/1232569,https://image.tmdb.org/t/p/w500/eUJXk3bTvLBi5Zcb0BCedZU7lVL.jpg,
860508,The Whisper Man,27 Agustus 2026,6.808,568,Crime | Drama | Thriller,,https://www.themoviedb.org/movie/860508,https://image.tmdb.org/t/p/w500/6UqflU8Qqkz7Dq4swJPqs0ZJjY4.jpg,"Saat putra kecilnya hilang, seorang duda meminta bantuan ayahnya yang lama terpisah, pensiunan detektif yang menangkap pembunuh berantai yang kini terkait kasus itu."
1130948,Rosebush Pruning,23 April 2026,6.134,41,Comedy | Drama | Thriller,,https://www.themoviedb.org/movie/1130948,https://image.tmdb.org/t/p/w500/rsHEVjzxU8cxz1sm3vboj99daNv.jpg,
1440098,Enfrentados: Marfil,9 September 2026,6.944,18,Romance | Drama | Thriller,,https://www.themoviedb.org/movie/1440098,https://image.tmdb.org/t/p/w500/umlft1ztFbUcnHf960pXJocjpdv.jpg,
1275779,Disclosure Day,10 Juni 2026,7.469,3250,Science Fiction | Thriller,,https://www.themoviedb.org/movie/1275779,https://image.tmdb.org/t/p/w500/AnJ8IQJI23hNpYXVNaythu061Ru.jpg,"Jika Anda mengetahui bahwa kita tidak sendirian, jika seseorang menunjukkannya kepada Anda, membuktikannya kepada Anda, apakah itu akan membuat Anda takut?"
1273221,Scary Movie,3 Juni 2026,6.41,1841,Comedy,,https://www.themoviedb.org/movie/1273221,https://image.tmdb.org/t/p/w500/znHT8peERZRWG1ME3r0Db0EV8k8.jpg,
1180894,Bajo tus pies,19 Februari 2026,5.091,11,Horror,,https://www.themoviedb.org/movie/1180894,https://image.tmdb.org/t/p/w500/fQTACeQLpFoMUqYitxY0DMzfQu9.jpg,
687163,Project Hail Mary,15 Maret 2026,8.643,7635,Science Fiction | Adventure,,https://www.themoviedb.org/movie/687163,https://image.tmdb.org/t/p/w500/yihdXomYb5kTeSivtFndMy5iDmf.jpg,
1083381,Backrooms,27 Mei 2026,7.052,3201,Horror | Mystery | Science Fiction,,https://www.themoviedb.org/movie/1083381,https://image.tmdb.org/t/p/w500/rhGx6E3qRNMgj3i5su2oukNHwIQ.jpg,"Setelah pasien seorang terapis menghilang ke dimensi di luar realitas, dia harus menjelajah ke tempat yang tidak dikenal untuk menyelamatkannya."
1101412,Fall 2: Deadpoint,1 September 2026,6.7,23,Thriller,,https://www.themoviedb.org/movie/1101412,https://image.tmdb.org/t/p/w500/fgSm5ylwiXbIHn8UbUXDjk9RRu4.jpg,
1228710,The Mandalorian and Grogu,20 Mei 2026,7.5,1544,Action | Adventure | Science Fiction,,https://www.themoviedb.org/movie/1228710,https://image.tmdb.org/t/p/w500/fsSMj6TJ6qtMnpg6UIw8TzUeEyE.jpg,
1433367,One Night Only,28 Juli 2026,6.8,87,Comedy | Romance,,https://www.themoviedb.org/movie/1433367,https://image.tmdb.org/t/p/w500/46q8z1TbbVcF8uhRHsvt5s0h2SH.jpg,
980431,Avatar Aang: The Last Airbender,24 Juli 2026,9.165,1085,Animation | Adventure | Fantasy,,https://www.themoviedb.org/movie/980431,https://image.tmdb.org/t/p/w500/3sgnSfNT27Bx5O5ukr7B26mhEQq.jpg,
1284465,The Death of Robin Hood,18 Juni 2026,6.226,292,Adventure | Drama | Action,,https://www.themoviedb.org/movie/1284465,https://image.tmdb.org/t/p/w500/13MmRwmG5NmaMfU8qNrtgGXisiD.jpg,
634649,Spider-Man: No Way Home,15 Desember 2021,7.946,23057,Action | Adventure | Science Fiction,,https://www.themoviedb.org/movie/634649,https://image.tmdb.org/t/p/w500/1g0dhYtq4irTY1GPXvft6k4YLjm.jpg,"Peter Parker menghadapi masalah besar. Hal ini terjadi setelah identitasnya sebagai Spiderman terungkap. Dengan kepergian Tony Stark, Peter Parker pun harus meminta bantuan Doctor Strange agar semua orang bisa melupakan identitasnya sebagai manusia laba-laba."
278,The Shawshank Redemption,23 September 1994,8.73,31282,Drama | Crime,,https://www.themoviedb.org/movie/278,https://image.tmdb.org/t/p/w500/9cqNxx0GxF0bflZmeSMuL5tnGzr.jpg,
1599993,Animales,5 Februari 2026,6.2,40,Comedy | Thriller,,https://www.themoviedb.org/movie/1599993,https://image.tmdb.org/t/p/w500/9fbZdiOI9fRinl44mNm3CYgEtYR.jpg,
755898,War of the Worlds,29 Juli 2025,4.02,1125,Science Fiction | Thriller,,https://www.themoviedb.org/movie/755898,https://image.tmdb.org/t/p/w500/yvirUYrva23IudARHn3mMGVxWqM.jpg,"Will Radford adalah seorang analis keamanan siber terkemuka untuk Departemen Keamanan Dalam Negeri yang melacak potensi ancaman terhadap keamanan nasional melalui program pengawasan massal, hingga suatu hari sebuah serangan oleh entitas tak dikenal membuatnya mempertanyakan apakah pemerintah menyembunyikan sesuatu darinya... dan dari seluruh dunia."
1127384,Deep Water,30 April 2026,7.1,475,Horror | Thriller,,https://www.themoviedb.org/movie/1127384,https://image.tmdb.org/t/p/w500/ZWHxL2ETItcZzeVsVfs6gv3SZ7.jpg,
1081003,Supergirl,24 Juni 2026,6.7,2203,Action | Adventure | Science Fiction,,https://www.themoviedb.org/movie/1081003,https://image.tmdb.org/t/p/w500/qn4wWonvYGQbf8X4s2VwIqv1acc.jpg,
1355228,गांधारी,3 September 2026,5.063,8,Action | Drama | Thriller,,https://www.themoviedb.org/movie/1355228,https://image.tmdb.org/t/p/w500/hCHei97aPYCCsh4vicz9X0wmdFV.jpg,
1311031,劇場版「鬼滅の刃」無限城編 第一章 猗窩座再来,18 Juli 2025,8.783,2105,Animation | Action | Fantasy,,https://www.themoviedb.org/movie/1311031,https://image.tmdb.org/t/p/w500/qjyWDOYokheTTWLMzwJAuvSJeYg.jpg,
299536,Avengers: Infinity War,25 April 2018,8.242,32848,Adventure | Action | Science Fiction,,https://www.themoviedb.org/movie/299536,https://image.tmdb.org/t/p/w500/7WsyChQLEftFiDOVTGkv3hFpyyt.jpg,"Karena Avengers dan sekutunya terus melindungi dunia dari ancaman yang terlalu besar untuk ditangani oleh seorang pahlawan, bahaya baru telah muncul dari bayangan kosmik: Thanos. Seorang lalim penghujatan intergalaksi, tujuannya adalah untuk mengumpulkan semua enam Batu Infinity, artefak kekuatan yang tak terbayangkan, dan menggunakannya untuk menimbulkan kehendak memutar pada semua realitas. Segala sesuatu yang telah diperjuangkan oleh Avengers telah berkembang hingga saat ini - nasib Bumi dan keberadaannya sendiri tidak pernah lebih pasti."
194117,La donna della luna,31 Maret 1988,5.6,8,Drama | Romance | Crime,,https://www.themoviedb.org/movie/194117,https://image.tmdb.org/t/p/w500/6uiz2xx61qhGv3ZcZg0n5tgahY3.jpg,
1419406,捕风追影,16 Agustus 2025,8.233,1367,Action | Crime | Drama | Thriller,,https://www.themoviedb.org/movie/1419406,https://image.tmdb.org/t/p/w500/o25Tk1FYQi2BLk0OEAvx2h69QvB.jpg,
1625673,Blood Covenant,26 Mei 2026,5.5,2,Horror,,https://www.themoviedb.org/movie/1625673,https://image.tmdb.org/t/p/w500/1lskMEArKsp7pzQck90q6ttXAbn.jpg,
1084242,Zootopia 2,26 November 2025,7.675,3402,Animation | Adventure | Comedy | Mystery | Family,,https://www.themoviedb.org/movie/1084242,https://image.tmdb.org/t/p/w500/nT1tuba9NBCzraZRwTvFpoSJZk.jpg,"Setelah berhasil menyelesaikan kasus terbesar dalam sejarah Zootopia, dua polisi pemula Judy Hopps dan Nick Wilde menyadari bahwa kemitraan mereka tidak sekuat yang mereka kira ketika Kepala Bogo memerintahkan mereka untuk mengikuti program konseling “Partners in Crisis”. Namun, tidak lama kemudian, kemitraan mereka diuji hingga batasnya ketika mereka terjebak dalam jejak misterius yang terkait dengan kedatangan ular berbisa di kota metropolis hewan tersebut."
1226863,The Super Mario Galaxy Movie,1 April 2026,8.231,3644,Family | Comedy | Adventure | Fantasy | Animation,,https://www.themoviedb.org/movie/1226863,https://image.tmdb.org/t/p/w500/eJGWx219ZcEMVQJhAgMiqo8tYY.jpg,
1480574,Just Play Dead,28 Agustus 2026,6.485,33,Thriller | Crime,,https://www.themoviedb.org/movie/1480574,https://image.tmdb.org/t/p/w500/glALx6QaIgw1u4joXsnfHTjWi6D.jpg,
157336,Interstellar,5 November 2014,8.487,41100,Adventure | Drama | Science Fiction,,https://www.themoviedb.org/movie/157336,https://image.tmdb.org/t/p/w500/yQvGrMoipbRoddT0ZR8tPoR7NfX.jpg,Antarbintang mencatat petualangan sekelompok penjelajah yang memanfaatkan lubang cacing yang baru ditemukan untuk melampaui batasan perjalanan ruang angkasa manusia dan menaklukkan jarak yang luas yang terlibat dalam pelayaran antarbintang.
24428,The Avengers,25 April 2012,8.074,39647,Science Fiction | Action | Adventure,,https://www.themoviedb.org/movie/24428,https://image.tmdb.org/t/p/w500/kRK4AKBQEWcmIF9lvkt5qxSwQ28.jpg,"Ketika musuh yang tak terduga muncul, mengancam keselamatan dan keamanan dunia, Nick Fury, direktur Badan Perdamaian Internasional, dikenal sebagai S.H.I.E.L.D. , membutuhkan tim untuk menyelamatkan dunia dari bencana. Usaha perekrutan pun dimulai  Iron Man, Captain America, Hulk, Thor, Black Widow dan Hawkeye dikumpulkan untuk menaklukkan Dewa Kehancuran, Loki, dalam usahanya menghancurkan bumi. Dengan semua gabungan kekuatan, tugas nampak lebih mudah. Namun kenyatannya tidak demikian!  Para pahlawan super justru saling melawan satu sama lain  Hulk melawan Captain America, siapa yang akan menang? Apakah Iron Man dapat mengalahkan kekuatan super milik Thor? Bagaimana para pahlawan super ini secara bersama-sama menghadapi bencana, melindungi masyarakat dan yang terpenting, bertahan hidup?"
1594914,Lucky Strike,26 Juni 2026,6.89,41,Action | War,,https://www.themoviedb.org/movie/1594914,https://image.tmdb.org/t/p/w500/7AEBdyGYXumXWmMFeynE8227KeZ.jpg,
454639,Masters of the Universe,3 Juni 2026,7.145,2081,Action | Fantasy | Science Fiction,,https://www.themoviedb.org/movie/454639,https://image.tmdb.org/t/p/w500/oRuyGUHdoaQxWP3SDfafGkStxTC.jpg,
83533,Avatar: Fire and Ash,17 Desember 2025,7.647,4289,Science Fiction | Adventure | Fantasy,,https://www.themoviedb.org/movie/83533,https://image.tmdb.org/t/p/w500/bRBeSHfGHwkEpImlhxPmOcUsaeg.jpg,
238,The Godfather,14 Maret 1972,8.686,23516,Drama | Crime,,https://www.themoviedb.org/movie/238,https://image.tmdb.org/t/p/w500/3bhkrj58Vtu7enYsRolD1fZdja1.jpg,Patriark tua dari dinasti kejahatan terorganisir di New York City pascaperang mengalihkan kendali kerajaan klandestinnya kepada putra bungsunya yang enggan.
315635,Spider-Man: Homecoming,5 Juli 2017,7.333,23862,Action | Adventure | Science Fiction,,https://www.themoviedb.org/movie/315635,https://image.tmdb.org/t/p/w500/c24sv2weTHPsmDa7jEMN0m2P3RT.jpg,"Peter Parker, dibawah bimbingan Tony Stark, mencoba menyeimbangkan perannya sebagai Spider-man dan remaja sekolah menengah atas ditengah kemunculan ancaman baru, sang Vulture."
456931,Les Îles,21 Mei 2017,4.2,25,Drama | Fantasy | Horror | Romance,,https://www.themoviedb.org/movie/456931,https://image.tmdb.org/t/p/w500/sRINgACuZN3lNfREPBDpySvT1jY.jpg,
936075,Michael,22 April 2026,8.647,4293,Music | Drama,,https://www.themoviedb.org/movie/936075,https://image.tmdb.org/t/p/w500/dueFqKLvjftnELZaGYwY7xinfaI.jpg,
53653,監獄風雲,13 November 1987,7,109,Crime | Drama,,https://www.themoviedb.org/movie/53653,https://image.tmdb.org/t/p/w500/ywFyD2t6QylShE8ARjVuftS9iD4.jpg,
1101383,The End of Oak Street,12 Agustus 2026,6.4,464,Science Fiction | Mystery | Thriller,,https://www.themoviedb.org/movie/1101383,https://image.tmdb.org/t/p/w500/nlC0I1cCemzfNLYPnAhdydpOYOi.jpg,
1698863,The Odyssey,3 Juli 2026,4.007,514,Adventure | Fantasy | Action,,https://www.themoviedb.org/movie/1698863,https://image.tmdb.org/t/p/w500/b0z3ViIC5AkbJoqxmTpqyjgmoJs.jpg,
1384216,The Dog Stars,26 Agustus 2026,6.64,236,Science Fiction | Drama | Adventure,,https://www.themoviedb.org/movie/1384216,https://image.tmdb.org/t/p/w500/5O616X9vmRzQdB68PHzBewPittd.jpg,
299534,Avengers: Endgame,24 April 2019,8.242,28600,Adventure | Science Fiction | Action,,https://www.themoviedb.org/movie/299534,https://image.tmdb.org/t/p/w500/ulzhLuWrPK07P1YkdWQLZnQh1JL.jpg,"Terdampar di luar angkasa tanpa persediaan makanan dan minuman, Tony Stark berusaha mengirim pesan untuk Pepper Potts dimana persediaan oksigen mulai menipis. Sementara itu para Avengers yang tersisa harus menemukan cara untuk mengembalikan 50% mahluk di seluruh dunia yang telah dilenyapkan oleh Thanos."
533535,Deadpool & Wolverine,24 Juli 2024,7.586,9399,Action | Comedy | Science Fiction,,https://www.themoviedb.org/movie/533535,https://image.tmdb.org/t/p/w500/8cdWjvZQUExUUTzyp4t6EDMubfO.jpg,"Wade Wilson yang lesu bekerja keras dalam kehidupan sipil dengan hari-harinya sebagai tentara bayaran yang fleksibel secara moral, Deadpool, di belakangnya. Namun ketika dunia asalnya menghadapi ancaman eksistensial, Wade terpaksa harus kembali bekerja sama dengan Wolverine yang bahkan lebih enggan."
1731694,LEGO Star Wars: The Mandalorian,2 September 2026,6.9,22,Animation | Science Fiction | Adventure | Family | Action,,https://www.themoviedb.org/movie/1731694,https://image.tmdb.org/t/p/w500/x3HEvYXWOW6WHqsHmg2MUVy3SLm.jpg,
1432706,Bury the Devil,6 Maret 2026,5.81,21,Horror | Thriller,,https://www.themoviedb.org/movie/1432706,https://image.tmdb.org/t/p/w500/yQ3GeVsebrhOPIBhIdoSslbndEv.jpg,
155,The Dark Knight,16 Juli 2008,8.535,36656,Action | Thriller,,https://www.themoviedb.org/movie/155,https://image.tmdb.org/t/p/w500/qJ2tW6WMUDux911r6m7haRef0WH.jpg,
327317,Provocazione,25 November 1988,5.6,29,Drama,,https://www.themoviedb.org/movie/327317,https://image.tmdb.org/t/p/w500/5xryGDSx1fImQbD0Z9BIXCSXftJ.jpg,
1212763,Evil Dead Burn,7 Juli 2026,7.71,1477,Horror,,https://www.themoviedb.org/movie/1212763,https://image.tmdb.org/t/p/w500/uRxrNXQWkHoENm3nwVOZDYSCx2F.jpg,
405746,DOOR,14 Mei 1988,6.063,32,Horror | Mystery | Thriller,,https://www.themoviedb.org/movie/405746,https://image.tmdb.org/t/p/w500/rmD3Q8wPrzbe5P5gDgbzR0fsDQx.jpg,
1494843,丫丫,1 Maret 1979,0,0,,,https://www.themoviedb.org/movie/1494843,https://image.tmdb.org/t/p/w500/yw74ajOTn9SG1wbDao62IVf7VlW.jpg,
671,Harry Potter dan Batu Bertuah,16 November 2001,7.903,30178,Adventure | Fantasy,,https://www.themoviedb.org/movie/671,https://image.tmdb.org/t/p/w500/wuMc08IPKEatf9rnMNXvIDxqP4W.jpg,"Harry Potter telah tinggal di bawah tangga di rumah bibinya dan rumah pamannya sepanjang hidupnya. Tetapi pada ulang tahunnya yang ke-11, ia mengetahui bahwa ia adalah penyihir yang kuat - dengan tempat yang menunggunya di Sekolah Sihir dan Penyihir Hogwarts. Ketika dia belajar untuk memanfaatkan kekuatan yang baru ditemukannya dengan bantuan kepala sekolah yang ramah, Harry mengungkap kebenaran tentang kematian orangtuanya - dan tentang penjahat yang harus disalahkan."
1523145,Твоё сердце будет разбито,26 Maret 2026,7.1,120,Romance,,https://www.themoviedb.org/movie/1523145,https://image.tmdb.org/t/p/w500/iGpMm603GUKH2SiXB2S5m4sZ17t.jpg,
27205,Inception,15 Juli 2010,8.373,40142,Action | Science Fiction | Adventure,,https://www.themoviedb.org/movie/27205,https://image.tmdb.org/t/p/w500/xlaY2zyzMfkhk0HSC5VUwzoZPU1.jpg,"Cobb, seorang pencuri terampil yang melakukan spionase perusahaan dengan menyusup ke alam bawah sadar targetnya ditawarkan kesempatan untuk mendapatkan kembali kehidupan lamanya sebagai pembayaran untuk tugas yang dianggap mustahil: ""permulaan"", penanaman ide orang lain ke dalam alam bawah sadar target."
687259,镜花风月三之螺女挑情,1 Januari 1982,6.2,2,Horror,,https://www.themoviedb.org/movie/687259,https://image.tmdb.org/t/p/w500/m4ALMhsuqOOUkkABvgQWfrgoL8y.jpg,
30723,Cavegirl,1 Mei 1985,3.917,24,Comedy,,https://www.themoviedb.org/movie/30723,https://image.tmdb.org/t/p/w500/kONbgktPKsm3EMj3MiES0IP8BRr.jpg,
1314481,The Devil Wears Prada 2,29 April 2026,7.046,2291,Comedy | Drama,,https://www.themoviedb.org/movie/1314481,https://image.tmdb.org/t/p/w500/xTI42pmsP5EDnvsNJPEDubwWBQO.jpg,
557,Spider-Man,1 Mei 2002,7.353,21375,Action | Science Fiction,,https://www.themoviedb.org/movie/557,https://image.tmdb.org/t/p/w500/or6XJBVpcEbIkma0V9zshnbEtx4.jpg,"Setelah digigit laba-laba hasil rekayasa genetika di Oscorp, siswa SMA yang kutu buku tetapi menawan Peter Parker dianugerahi kekuatan luar biasa untuk menjadi pahlawan super yang dikenal sebagai Spider-Man."
569094,Spider-Man: Across the Spider-Verse,31 Mei 2023,8.347,9208,Animation | Action | Adventure | Science Fiction,,https://www.themoviedb.org/movie/569094,https://image.tmdb.org/t/p/w500/8Vt6mWEReuy4Of61Lnj5Xj704m8.jpg,
324857,Spider-Man: Into the Spider-Verse,6 Desember 2018,8.399,17827,Animation | Action | Adventure | Science Fiction,,https://www.themoviedb.org/movie/324857,https://image.tmdb.org/t/p/w500/iiZZdoQBEYBv6id8su7ImL0oCbD.jpg,"Setelah digigit laba-laba radioaktif, seorang remaja Brooklyn, Miles Morales, mendapat pelajaran singkat cara berayun dengan jaring dari rekan-rekannya di dimensi lain."
822119,Captain America: Brave New World,12 Februari 2025,5.951,3381,Action | Thriller | Science Fiction,,https://www.themoviedb.org/movie/822119,https://image.tmdb.org/t/p/w500/pzIddUEMWhWzfvLI3TwxUG2wGoi.jpg,Sekuel The Falcon and the Winter Soldier dari Marvel Studios dan mengikuti Sam Wilson sebagai Captain America yang baru.
1284041,The Last House,6 Agustus 2026,6.896,1286,Horror | Science Fiction | Thriller,,https://www.themoviedb.org/movie/1284041,https://image.tmdb.org/t/p/w500/6JU7E8Vv2M11egkctWVOScxWR75.jpg,"Tiba-tiba terkurung di dalam rumah, keluarga ini harus bekerja sama untuk bertahan hidup saat persediaan makanan menipis dan kekuatan jahat membuat mereka terperangkap."
1291595,Insidious: Out of the Further,19 Agustus 2026,6.488,129,Horror | Thriller,,https://www.themoviedb.org/movie/1291595,https://image.tmdb.org/t/p/w500/4tTrW9dXCByS5wt2pXVWb58zNjz.jpg,
1110034,Kraken,6 Februari 2026,6.232,314,Horror | Action | Thriller,,https://www.themoviedb.org/movie/1110034,https://image.tmdb.org/t/p/w500/uUCVGVWnBgIf6NV3AqHpJcCBC8T.jpg,
1726,Iron Man,30 April 2008,7.664,28779,Action | Science Fiction | Adventure,,https://www.themoviedb.org/movie/1726,https://image.tmdb.org/t/p/w500/78lPtwv72eTNqFW9COBYI0dWDJa.jpg,"Menceritakan kisah Tony Stark, seorang industrialis miliarder dan penemu jenius yang diculik dan dipaksa untuk membuat senjata yang mematikan. Namun, dengan menggunakan kecerdasan dan kepintarannya, Tony membangun baju zirah berteknologi tinggi dan melarikan diri dari penawanan. Ketika ia mengungkap sebuah rencana jahat dengan implikasi global, ia mengenakan baju zirah ampuhnya dan bersumpah untuk melindungi dunia sebagai Iron Man."
1727780,Borderline,17 Juli 2026,5.969,16,Thriller,,https://www.themoviedb.org/movie/1727780,https://image.tmdb.org/t/p/w500/sAA2mjpYJFAKydtzG4P4aHC4mZk.jpg,
1631807,Den hemmelige kvinde,28 Agustus 2026,6.315,73,Drama | Thriller | Mystery,,https://www.themoviedb.org/movie/1631807,https://image.tmdb.org/t/p/w500/kZBd6WJ5U20NJ0WsPm5YpVfHbgb.jpg,
872585,Oppenheimer,19 Juli 2023,8.022,12442,Drama | History,,https://www.themoviedb.org/movie/872585,https://image.tmdb.org/t/p/w500/8Gxv8gSFCU0XGDykEGv7zR1n2ua.jpg,Kisah J. Peran Robert Oppenheimer dalam pengembangan bom atom selama Perang Dunia II.
1302904,Practical Magic 2,9 September 2026,6.5,12,Romance | Fantasy | Comedy,,https://www.themoviedb.org/movie/1302904,https://image.tmdb.org/t/p/w500/ogwQOLbCfncjvBhFb5l0OmQH8KC.jpg,
597,Titanic,18 Desember 1997,7.9,27702,Drama | Romance,,https://www.themoviedb.org/movie/597,https://image.tmdb.org/t/p/w500/9xjZS2rlVxm8SFx8kPC3aIGCOYQ.jpg,Seorang bangsawan berusia tujuh belas tahun jatuh cinta dengan artis yang baik hati namun miskin di atas kapal R.M.S. Raksasa.
1327819,Hoppers,4 Maret 2026,8.154,2312,Adventure | Animation | Comedy | Family | Science Fiction,,https://www.themoviedb.org/movie/1327819,https://image.tmdb.org/t/p/w500/xjtWQ2CL1mpmMNwuU5HeS4Iuwuu.jpg,"Para ilmuwan telah menemukan cara untuk 'mentransfer' kesadaran manusia ke dalam hewan robot yang menyerupai manusia., Memungkinkan manusia untuk berkomunikasi dengan hewan sebagai hewan. Mabel, seorang pencinta hewan, memanfaatkan kesempatan untuk menggunakan teknologi tersebut. Mengungkap misteri di dunia hewan yang melampaui apa pun yang pernah dia bayangkan."
693134,Dune: Part Two,27 Februari 2024,8.134,8525,Science Fiction | Adventure,,https://www.themoviedb.org/movie/693134,https://image.tmdb.org/t/p/w500/uOYAbN3F5n3ne8TzWjzVEvQ7XGX.jpg,Paul Atreides bersatu dengan Chani dan Fremen sambil membalas dendam terhadap para konspirator yang menghancurkan keluarganya.
122,The Lord of the Rings: The Return of the King,17 Desember 2003,8.505,27306,Adventure | Fantasy | Action,,https://www.themoviedb.org/movie/122,https://image.tmdb.org/t/p/w500/rCzpDGLbOoPwLjy3OAm5NUPOTrC.jpg,"Aragorn dinyatakan sebagai pewaris raja-raja kuno saat ia, Gandalf dan anggota-anggota lain dari persekutuan yang rusak berjuang untuk menyelamatkan Gondor dari pasukan Sauron. Sementara itu, Frodo dan Sam membawa cincin itu lebih dekat ke jantung Mordor, kerajaan penguasa gelap."
1439930,The Punisher: One Last Kill,12 Mei 2026,8.274,2201,Action | Drama | Crime,,https://www.themoviedb.org/movie/1439930,https://image.tmdb.org/t/p/w500/qQclTgLMDvGBuUBFGHRipxkEwWR.jpg,
603,The Matrix,31 Maret 1999,8.257,28678,Action | Science Fiction,,https://www.themoviedb.org/movie/603,https://image.tmdb.org/t/p/w500/aOIuZAjPaRIE6CMzbazvcHuHXDc.jpg,"Berlatar abad ke-22, The Matrix menceritakan tentang seorang peretas komputer yang bergabung dengan sekelompok pemberontak bawah tanah melawan komputer-komputer besar dan kuat yang kini menguasai bumi."
1723013,Hibla 2,30 Juni 2026,3,1,Drama,,https://www.themoviedb.org/movie/1723013,https://image.tmdb.org/t/p/w500/drDsk2ES8YvWFwgWaY9foKaE5xv.jpg,
1058424,호프,15 Juli 2026,8.2,33,Science Fiction | Mystery | Action,,https://www.themoviedb.org/movie/1058424,https://image.tmdb.org/t/p/w500/ptqlN6mDIAqJjVA86J5eOoG82zc.jpg,
1471168,Barreda,28 Agustus 2026,7.262,61,Drama | Crime | History,,https://www.themoviedb.org/movie/1471168,https://image.tmdb.org/t/p/w500/a25CyXmPJx6SrVFA9yirJTL9iAH.jpg,
1514026,Buddy,27 Agustus 2026,8.2,45,Horror | Comedy | Fantasy,,https://www.themoviedb.org/movie/1514026,https://image.tmdb.org/t/p/w500/6Lh4ZlsAISFQFVfLZ90sE9ycVnN.jpg,
1545484,Deathwoods,7 Agustus 2026,6.3,3,Horror | Comedy,,https://www.themoviedb.org/movie/1545484,https://image.tmdb.org/t/p/w500/3MUGLE5YkmkUuKYgQFHExM3c8dg.jpg,
1003596,Avengers: Doomsday,16 Desember 2026,0,0,Science Fiction | Action | Adventure,,https://www.themoviedb.org/movie/1003596,https://image.tmdb.org/t/p/w500/jzPwsojjFStf5lR5Nm07w2hH56G.jpg,"Tiga semesta bertabrakan. Para pahlawan favorit kini berada di ambang kehancuran, bersiap menghadapi ancaman terbesar yang belum pernah ada dalam sejarah mereka."
1423191,Resident Evil,16 September 2026,0,0,Horror | Science Fiction,,https://www.themoviedb.org/movie/1423191,https://image.tmdb.org/t/p/w500/qku2uWSoJ9amQV5MWo1Eek29iji.jpg,
1487861,Elize: Sombras de uma Mulher,22 Juli 2026,7.512,202,Thriller | Crime | Drama,,https://www.themoviedb.org/movie/1487861,https://image.tmdb.org/t/p/w500/612ZyfilK8CVEEFphgPb3GOw0NF.jpg,
1184918,The Wild Robot,12 September 2024,8.306,6557,Family | Animation | Science Fiction | Adventure,,https://www.themoviedb.org/movie/1184918,https://image.tmdb.org/t/p/w500/wTnV3PCVW5O92JMrFvvrRcV39RU.jpg,"Setelah kapal karam, sebuah robot cerdas bernama Roz terdampar di sebuah pulau tak berpenghuni. Untuk bertahan hidup di lingkungan yang keras, Roz menjalin hubungan dengan hewan-hewan di pulau tersebut dan merawat seekor anak angsa yatim piatu."
1234821,Jurassic World Rebirth,23 Juni 2025,6.259,3738,Science Fiction | Adventure | Action,,https://www.themoviedb.org/movie/1234821,https://image.tmdb.org/t/p/w500/1RICxzeoNCAO5NpcRMIgg1XT6fm.jpg,
12445,Harry Potter dan Relikui Kematian: Bagian 2,12 Juli 2011,8.08,22404,Adventure | Fantasy,,https://www.themoviedb.org/movie/12445,https://image.tmdb.org/t/p/w500/frpBIYm9Xx2vwDtwwPSMQEROYr9.jpg,"Harry, Ron dan Hermione melanjutkan upaya mereka untuk mengalahkan kejahatan Voldemort untuk selamanya. Saat keadaan mulai terlihat tidak ada harapan bagi para penyihir muda, Harry menemukan trio benda ajaib yang memberinya kekuatan untuk menyaingi keterampilan hebat Voldemort."
6435,Practical Magic,16 Oktober 1998,6.8,1853,Romance | Fantasy | Comedy,,https://www.themoviedb.org/movie/6435,https://image.tmdb.org/t/p/w500/AwmToSgf2IL3aHv0QRVsR5KvChv.jpg,
931285,Mortal Kombat II,6 Mei 2026,7.827,2536,Action | Fantasy | Adventure,,https://www.themoviedb.org/movie/931285,https://image.tmdb.org/t/p/w500/hwRdDFIhaEmpRgoki805YvyyjZf.jpg,
985939,Fall,11 Agustus 2022,7.1,4847,Thriller,,https://www.themoviedb.org/movie/985939,https://image.tmdb.org/t/p/w500/spCAxD99U1A6jsiePFoqdEcY0dG.jpg,"Untuk sahabat Becky dan Hunter, hidup adalah tentang menaklukkan ketakutan dan mendorong batas. Tetapi setelah mereka mendaki 2.000 kaki ke puncak menara radio terpencil yang ditinggalkan, mereka menemukan diri mereka terdampar tanpa jalan turun. Sekarang keterampilan panjat ahli Becky dan Hunter akan diuji saat mereka mati-matian berjuang untuk bertahan hidup dari unsur-unsur, kurangnya persediaan, dan ketinggian yang menyebabkan vertigo."
1489187,Сводишь с ума,9 Oktober 2025,7.5,19,Comedy | Romance | Fantasy,,https://www.themoviedb.org/movie/1489187,https://image.tmdb.org/t/p/w500/s42X4sEKtQJfLu3tps2vPMjgjrh.jpg,
1280738,火遮眼,10 Juni 2026,8.189,705,Action | Crime | Thriller,,https://www.themoviedb.org/movie/1280738,https://image.tmdb.org/t/p/w500/k334z7zxOJlJvOsOwyRF6HClCvi.jpg,
1612018,Jackass: Best and Last,25 Juni 2026,7.5,234,Action | Comedy | Documentary,,https://www.themoviedb.org/movie/1612018,https://image.tmdb.org/t/p/w500/tfgccePxnswMqhmtxafliLlcCVR.jpg,
361743,Top Gun: Maverick,21 Mei 2022,8.157,11515,Action | Drama,,https://www.themoviedb.org/movie/361743,https://image.tmdb.org/t/p/w500/n0YuM4f5lvGAP6MAW2kBIzugXnc.jpg,"Setelah lebih dari tiga puluh tahun mengabdi sebagai salah satu penerbang top Angkatan Laut, dan menghindari kenaikan pangkat yang akan menjatuhkannya, Pete ""Maverick"" Mitchell mendapati dirinya melatih satu detasemen lulusan TOP GUN untuk misi khusus yang tidak ada kehidupan. pilot pernah melihat."
1479495,Hellcat,25 Juli 2025,5.45,20,Thriller | Horror,,https://www.themoviedb.org/movie/1479495,https://image.tmdb.org/t/p/w500/vWuVQi4iNXw7VCxxfCMXKS6NDOA.jpg,
82023,Hotel Desire,7 Desember 2011,6.204,164,Drama | Romance,,https://www.themoviedb.org/movie/82023,https://image.tmdb.org/t/p/w500/nHVz2ME3HXn6vS7fHfugSudEsWX.jpg,
862,Toy Story,22 November 1995,8,20487,Family | Comedy | Animation | Adventure,,https://www.themoviedb.org/movie/862,https://image.tmdb.org/t/p/w500/uXDfjJbdP4ijW5hWSBrPrlKpxab.jpg,"Dipimpin oleh Woody, mainan Andy hidup bahagia di kamarnya hingga ulang tahun Andy membawa Buzz Lightyear ke dunia hiburan. Karena takut kehilangan tempatnya di hati Andy, Woody berkomplot melawan Buzz. Namun, ketika keadaan memisahkan Buzz dan Woody dari pemiliknya, keduanya akhirnya belajar untuk mengesampingkan perbedaan mereka."
87513,Motor City,23 Juli 2026,6.3,102,Action | Thriller | Crime,,https://www.themoviedb.org/movie/87513,https://image.tmdb.org/t/p/w500/dx2dblJL3GAKcXXXPjC2FSaMTWW.jpg,
218,The Terminator,26 Oktober 1984,7.69,15075,Action | Thriller | Science Fiction,,https://www.themoviedb.org/movie/218,https://image.tmdb.org/t/p/w500/qvktm0BHcnmDpul4Hz01GIazWPr.jpg,
299710,À 14 ans,25 Februari 2015,4.1,65,Drama,,https://www.themoviedb.org/movie/299710,https://image.tmdb.org/t/p/w500/l8st7M90EBpGz5CpL12SFvswc56.jpg,
672,Harry Potter and the Chamber of Secrets,13 November 2002,7.707,24028,Adventure | Fantasy,,https://www.themoviedb.org/movie/672,https://image.tmdb.org/t/p/w500/sdEOH0992YZ0QSxgXNIGLq1ToUi.jpg,"Mobil terbang, pepohonan melawan, dan peri rumah misterius datang untuk memperingatkan Harry Potter di awal tahun keduanya di Hogwarts. Petualangan dan bahaya menanti ketika tulisan berdarah di dinding mengumumkan: Kamar Rahasia Telah Dibuka. Untuk menyelamatkan Hogwarts akan membutuhkan semua kemampuan magis dan keberanian Harry, Ron dan Hermione."
497,The Green Mile,10 Desember 1999,8.506,19770,Fantasy | Drama | Crime,,https://www.themoviedb.org/movie/497,https://image.tmdb.org/t/p/w500/8VG8fDNiy50H4FedGwdSVUPoaJe.jpg,
49494,The Eagle,8 Februari 2011,6.242,1464,Adventure | Drama,,https://www.themoviedb.org/movie/49494,https://image.tmdb.org/t/p/w500/mbsdwO4lfIARqt35VVTM0UlYkhZ.jpg,
120,The Lord of the Rings: The Fellowship of the Ring,18 Desember 2001,8.445,28304,Adventure | Fantasy | Action,,https://www.themoviedb.org/movie/120,https://image.tmdb.org/t/p/w500/6oom5QYQ2yQTMJIbnvbkBL9cHo6.jpg,"Hobbit muda Frodo Baggins, setelah mewarisi cincin misterius dari pamannya, Bilbo, harus meninggalkan rumahnya agar tidak jatuh ke tangan penciptanya yang jahat. Sepanjang jalan, persekutuan dibentuk untuk melindungi ringbearer dan memastikan bahwa cincin itu tiba di tujuan akhirnya: Mt. Doom, satu-satunya tempat di mana ia bisa dihancurkan."
680,Pulp Fiction,10 September 1994,8.48,30827,Thriller | Crime | Comedy,,https://www.themoviedb.org/movie/680,https://image.tmdb.org/t/p/w500/vQWk5YBFWF4bZaofAbv0tShwBvQ.jpg,
1288059,I Want Your Sex,29 Juli 2026,6.2,60,Comedy,,https://www.themoviedb.org/movie/1288059,https://image.tmdb.org/t/p/w500/pR7SIX3AwqdoD96OI44oLG98e7g.jpg,
46578,The Great American Girl Robbery,1 September 1979,4.2,17,Comedy | Crime | Thriller,,https://www.themoviedb.org/movie/46578,https://image.tmdb.org/t/p/w500/eOXejwfmHUzcJDmFalSbJb0VU2.jpg,
390062,Jungle,27 Juni 2017,6.715,2258,Adventure | Thriller,,https://www.themoviedb.org/movie/390062,https://image.tmdb.org/t/p/w500/tDgxknTVwrScxpCYyGUjXSn5NRk.jpg,
550,Fight Club,15 Oktober 1999,8.437,32817,Drama | Thriller,,https://www.themoviedb.org/movie/550,https://image.tmdb.org/t/p/w500/jSziioSwPVrOy9Yow3XhWIBDjq1.jpg,Seorang pekerja kantoran yang menderita insomnia dan pembuat sabun yang sangat peduli membentuk klub pertarungan bawah tanah yang berkembang menjadi lebih banyak lagi.
1185806,PAW Patrol: The Dino Movie,23 Juli 2026,7,49,Animation | Adventure | Family | Fantasy | Comedy,,https://www.themoviedb.org/movie/1185806,https://image.tmdb.org/t/p/w500/qnin56Syy5rbG7KCaxWY7SPuy6p.jpg,
1007757,Swapped,1 Mei 2026,8.865,2165,Adventure | Animation | Family | Fantasy,,https://www.themoviedb.org/movie/1007757,https://image.tmdb.org/t/p/w500/tHhxWxge06goXU6ZQH1hj7vK8Hd.jpg,"Si makhluk hutan kecil dan si burung agung tiba-tiba saling bertukar tubuh, memaksa mereka untuk bekerja sama agar selamat dalam petualangan terliar dalam hidup mereka."
447365,Guardians of the Galaxy Vol. 3,3 Mei 2023,7.931,8781,Science Fiction | Adventure | Action,,https://www.themoviedb.org/movie/447365,https://image.tmdb.org/t/p/w500/r2J02Z2OpNTctfOSN1Ydgii51I3.jpg,"Peter Quill masih trauma karena kehilangan Gamora. Ia perlu mengumpulkan timnya untuk melindungi alam semesta dan salah satu anggota mereka. Jika mereka gagal, Guardian akan berakhir."
617126,The Fantastic 4: First Steps,23 Juli 2025,6.949,3836,Science Fiction | Adventure | Action,,https://www.themoviedb.org/movie/617126,https://image.tmdb.org/t/p/w500/nf5qaSEvyYSNeFH0YhSs5EsBLX9.jpg,
895954,莫尼卡中心,1 Januari 2021,4,1,Romance,,https://www.themoviedb.org/movie/895954,https://image.tmdb.org/t/p/w500/saca8CL9kk22AS5BfMbwSYgMvdp.jpg,
976912,Graphic Desires,31 Agustus 2023,6.9,148,Thriller | Crime,,https://www.themoviedb.org/movie/976912,https://image.tmdb.org/t/p/w500/3BjLdTWRiHc1ISIZMFvToOmghOM.jpg,
1061474,Superman,9 Juli 2025,7.326,5414,Science Fiction | Adventure | Action,,https://www.themoviedb.org/movie/1061474,https://image.tmdb.org/t/p/w500/vqwxWFADURzHOD7gpErhrY994T.jpg,
559,Spider-Man 3,1 Mei 2007,6.48,15729,Action | Adventure | Science Fiction,,https://www.themoviedb.org/movie/559,https://image.tmdb.org/t/p/w500/qFmwhVUoUSXjkKRmca5yGDEXBIj.jpg,"Spider-Man yang tampaknya tak terkalahkan menghadapi sekelompok penjahat baru—termasuk Sandman yang bisa berubah bentuk. Sementara kekuatan super Spider-Man diubah oleh organisme asing, alter egonya, Peter Parker, berhadapan dengan musuh bebuyutannya Eddie Brock dan juga terjebak dalam cinta segitiga."
414906,The Batman,1 Maret 2022,7.667,12474,Crime | Mystery | Thriller,,https://www.themoviedb.org/movie/414906,https://image.tmdb.org/t/p/w500/74xTEgt7R36Fpooo50r9T25onhq.jpg,"Ketika seorang pembunuh berantai sadis mulai membunuh tokoh-tokoh politik penting di Gotham, Batman terpaksa menyelidiki korupsi tersembunyi di kota itu dan mempertanyakan keterlibatan keluarganya."
496243,Parasite,30 Mei 2019,8.49,21265,Comedy | Thriller | Drama,,https://www.themoviedb.org/movie/496243,https://image.tmdb.org/t/p/w500/jjHccoFjbqlfr4VGLVLT7yek0Xn.jpg,"Semua menganggur, keluarga Ki-taek memiliki minat khusus pada Taman kaya dan glamor untuk mata pencaharian mereka sampai mereka terjerat dalam insiden tak terduga."
1122573,In the Grey,13 Mei 2026,7.569,914,Action | Thriller,,https://www.themoviedb.org/movie/1122573,https://image.tmdb.org/t/p/w500/dQgIcW6Th08kMRf2HBoYWoFE6OD.jpg,
1265609,War Machine,12 Februari 2026,7.47,2428,Action | Science Fiction | Thriller,,https://www.themoviedb.org/movie/1265609,https://image.tmdb.org/t/p/w500/rFhKkXhk7ClU03jQ5rHIApJDwev.jpg,"Dalam misi terakhir pelatihan Ranger Angkatan Darat yang brutal, seorang insinyur tempur harus memimpin unitnya melawan mesin pembunuh raksasa dari dunia lain."
129,Spirited Away,20 Juli 2001,8.534,18864,Animation | Family | Fantasy,,https://www.themoviedb.org/movie/129,https://image.tmdb.org/t/p/w500/8TEs6twIANAc2qiU8m17JO8Ujcx.jpg,"Seorang anak perempuan berusia 10 tahun semakin jauh dari orangtuanya, memasuki dunia yang dikuasai oleh para binatang aneh yang mirip monster. Akankah dia bisa melihat kembali dunia seperti semula?"
1564614,Leviticus,17 Juni 2026,6.7,477,Horror | Romance,,https://www.themoviedb.org/movie/1564614,https://image.tmdb.org/t/p/w500/gnAsZvBygplNpp8PtjoTEYv3VPB.jpg,
12444,Harry Potter dan Relikui Kematian: Bagian 1,17 November 2010,7.732,20761,Adventure | Fantasy,,https://www.themoviedb.org/movie/12444,https://image.tmdb.org/t/p/w500/iGoXIpQb7Pot00EEdwpwPajheZ5.jpg,"Harry, Ron dan Hermione meninggalkan tahun terakhir mereka di Hogwarts untuk menemukan dan menghancurkan Horcrux yang tersisa, mengakhiri upaya Voldemort untuk mendapatkan keabadian. Tapi dengan kematian Dumbledore yang dicintai Harry dan para Pelahap Maut Voldemort yang tidak bermoral berkeliaran, dunia menjadi lebih berbahaya dari sebelumnya."
99861,Avengers: Age of Ultron,22 April 2015,7.278,24985,Action | Adventure | Science Fiction,,https://www.themoviedb.org/movie/99861,https://image.tmdb.org/t/p/w500/4ssDuvEDkSArWEdyBl2X5EHvYKU.jpg,"Saat Tony Stark (Robert Downey Jr) memutuskan untuk membuat program perdamaian. Tony menciptakan robot cerdas Ultron untuk menggantikan peran Iron Man, Captain America, Thor, The Incredible Hulk, Black Widow dan Hawkeye. Tapi Ternyata Ultron mampu berfikir dan memiliki niat jahat yang sangat mengerikan.  Ultron kini menjadi musuh bersama tim Avengers. Tidak mudah bagi tim untuk membasmi Ultron disaat mereka terancam tercerai berai karena berbeda pendapat. Tim Avengers harus bisa menghentikan rencana jahat Ultron dan membangun kekuatan bersama untuk menyelamatkan bumi dari kehancuran."
438631,Dune,15 September 2021,7.784,15498,Science Fiction | Adventure,,https://www.themoviedb.org/movie/438631,https://image.tmdb.org/t/p/w500/v1tRXZ4JtD2Iv6fjkPvT4GiwslV.jpg,"Dune berkisah tentang seorang pemuda bernama Paul Atreides yang diperankan oleh Timothee Chalamet yang akan pindah dari tempat tinggalnya saat ini di Caladan bersama anggota keluarganya.  Paul dan keluarganya akan menjalani hidup baru di sebuah planet lain yang bernama planet Arrakis. Arrakis merupakan planet dengan kondisi alam berupa gurun pasir yang luas.  Sekilas, planet Arrakis merupakan planet yang gersang karena merupakan gurun. Akan tetapi Arrakis menyimpan hal istimewa di dalamnya. Arrakis menyimpan rempah-rempah yang disebut spice. Spice di Arrakis sangat melimpah dan mengandung khasiat istimewa."
673,Harry Potter and the Prisoner of Azkaban,31 Mei 2004,8.011,23599,Adventure | Fantasy,,https://www.themoviedb.org/movie/673,https://image.tmdb.org/t/p/w500/aWxwnYoe8p2d2fcxOqtvAtJ72Rw.jpg,"Tahun ketiga di Hogwarts berarti kesenangan dan tantangan baru ketika Harry mempelajari seni halus dalam mendekati Hippogriff, mengubah Boggart yang bisa berubah bentuk menjadi kegembiraan dan bahkan memutar balik waktu. Namun istilah ini juga membawa bahaya: Dementor penghisap jiwa melayang di atas sekolah, sekutu Dia-Yang-Tidak Dapat Disebut-Namanya yang terkutuk bersembunyi di dalam tembok kastil, dan penyihir menakutkan Sirius Black melarikan diri dari Azkaban. Dan Harry akan menghadapi mereka semua."
1301421,The Sheep Detectives,30 April 2026,7.938,1623,Comedy | Family | Mystery,,https://www.themoviedb.org/movie/1301421,https://image.tmdb.org/t/p/w500/iKy5460GdsoknM8ppmGlJbKxAKa.jpg,"Ketika petani mereka yang tercinta ditemukan tewas dalam keadaan misterius, sekawanan domba menyimpulkan bahwa mereka harus memecahkan sendiri pembunuhan itu, meskipun artinya meninggalkan padang mereka untuk pertama kalinya dan menghadapi kenyataan bahwa dunia manusia tidak sesederhana yang terlihat di buku."
1304313,Mumi karya Lee Cronin,15 April 2026,7.883,2627,Horror | Mystery,,https://www.themoviedb.org/movie/1304313,https://image.tmdb.org/t/p/w500/1q308iixueCU4pFtSYugNOevtNx.jpg,"Putri muda seorang jurnalis menghilang di padang pasir tanpa jejak—delapan tahun kemudian, keluarga yang hancur itu terkejut ketika ia dikembalikan kepada mereka, dan apa yang seharusnya menjadi reuni yang penuh sukacita berubah menjadi mimpi buruk yang mengerikan."
1930,The Amazing Spider-Man,23 Juni 2012,6.76,19064,Action | Adventure | Science Fiction,,https://www.themoviedb.org/movie/1930,https://image.tmdb.org/t/p/w500/jexoNYnPd6vVrmygwF6QZmWPFdu.jpg,"Peter Parker adalah seorang siswa SMA yang dibuang oleh orang tuanya saat masih kecil, dan harus diasuh oleh Paman Ben dan Bibi May. Seperti kebanyakan remaja lainnya, Peter mencoba mencari tahu siapa dirinya dan bagaimana ia menjadi orang seperti sekarang. Saat Peter menemukan tas kerja misterius milik ayahnya, ia memulai pencarian untuk memahami hilangnya orang tuanya – yang membawanya langsung ke Oscorp dan laboratorium Dr. Curt Connors, mantan rekan ayahnya. Saat Spider-Man berhadapan dengan alter ego Connors, The Lizard, Peter akan membuat pilihan yang mengubah hidupnya untuk menggunakan kekuatannya dan membentuk takdirnya untuk menjadi pahlawan."
807,Se7en,22 September 1995,8.38,23730,Crime | Mystery | Thriller,,https://www.themoviedb.org/movie/807,https://image.tmdb.org/t/p/w500/191nKfP0ehp3uIvWqgPbFmI4lv9.jpg,
49018,Insidious,31 Maret 2011,6.954,7574,Horror | Thriller,,https://www.themoviedb.org/movie/49018,https://image.tmdb.org/t/p/w500/1egpmVXuXed58TH2UOnX1nATTrf.jpg,"Sebuah keluarga menemukan bahwa roh jahat telah menyerbu rumah mereka setelah putra mereka tertidur tanpa alasan yang jelas. Ketika mereka meminta bantuan profesional, mereka mengetahui bahwa banyak hal ternyata jauh lebih pribadi daripada yang mereka kira."
1212461,Obex,9 Januari 2026,6,23,Fantasy | Adventure | Horror,,https://www.themoviedb.org/movie/1212461,https://image.tmdb.org/t/p/w500/989voQxc9qAJKuBaoBHngqnpLsD.jpg,
89657,Country Hooker,4 Oktober 1974,3.9,7,Drama,,https://www.themoviedb.org/movie/89657,https://image.tmdb.org/t/p/w500/xNb6s2uCSv7PnLyNyqAGAmmI3Fk.jpg,
354912,Coco,27 Oktober 2017,8.196,21370,Family | Animation | Music | Adventure,,https://www.themoviedb.org/movie/354912,https://image.tmdb.org/t/p/w500/6Ryitt95xrO8KXuqRGm1fUuNwqF.jpg,
13,Forrest Gump,23 Juni 1994,8.462,30414,Comedy | Drama | Romance,,https://www.themoviedb.org/movie/13,https://image.tmdb.org/t/p/w500/Cw4hIUIAmSYfK9QfaUW5igp9La.jpg,"Forrest Gump, seorang pria ber IQ rendah - namun baik hati, bergabung dengan tentara untuk mengabdi. Namun, benaknya seolah tidak bisa berhenti memikirkan sang kekasih masa kecilnya, Jenny Curran."
964849,Yön lapsi,1 Juli 2026,6.043,117,Horror,,https://www.themoviedb.org/movie/964849,https://image.tmdb.org/t/p/w500/bLSrV2Him731C9tDCRuHq2drit5.jpg,
1156869,性迷宮,1 Januari 1994,0,0,,,https://www.themoviedb.org/movie/1156869,https://image.tmdb.org/t/p/w500/cSOW4av17KfO9K2CRqKCjMbeoMw.jpg,
986056,Thunderbolts*,30 April 2025,7.296,4020,Action | Science Fiction | Adventure,,https://www.themoviedb.org/movie/986056,https://image.tmdb.org/t/p/w500/hqcexYHbiTBfDIdDWxrxPtVndBX.jpg,
280,Terminator 2: Judgment Day,3 Juli 1991,8.167,14810,Action | Thriller | Science Fiction,,https://www.themoviedb.org/movie/280,https://image.tmdb.org/t/p/w500/jFTVD4XoWQTcg7wdyJKa8PEds5q.jpg,
585,"Monsters, Inc.",1 November 2001,7.856,20214,Animation | Comedy | Family | Fantasy,,https://www.themoviedb.org/movie/585,https://image.tmdb.org/t/p/w500/wFSpyMsp7H0ttERbxY7Trlv8xry.jpg,
1307118,Soulm8te,31 Juli 2026,7.41,311,Horror | Science Fiction | Thriller,,https://www.themoviedb.org/movie/1307118,https://image.tmdb.org/t/p/w500/bNErActDctl6cdUGw9pnjSCmyhQ.jpg,
8587,The Lion King,15 Juni 1994,8.251,20114,Animation | Family | Drama,,https://www.themoviedb.org/movie/8587,https://image.tmdb.org/t/p/w500/sKCr78MXSLixwmZ8DyJLrpMsd15.jpg,
1669051,Kesong puti,24 April 2026,3.8,4,Drama,,https://www.themoviedb.org/movie/1669051,https://image.tmdb.org/t/p/w500/8zYU8hlKR5111IToxXvv5575tZG.jpg,
475557,Joker,1 Oktober 2019,8.116,28275,Crime | Thriller | Drama,,https://www.themoviedb.org/movie/475557,https://image.tmdb.org/t/p/w500/udDclJoHjfjb8Ekgsd4FDteOkCU.jpg,"Selama 1980-an, seorang pelawak berdiri gagal didorong gila dan beralih ke kehidupan kejahatan dan kekacauan di Kota Gotham sambil menjadi tokoh kejahatan psikopat terkenal."
912649,Venom: The Last Dance,22 Oktober 2024,6.673,4504,Science Fiction | Action | Adventure,,https://www.themoviedb.org/movie/912649,https://image.tmdb.org/t/p/w500/vGXptEdgZIhPg3cGlc7e8sNPC2e.jpg,"Dalam Venom: The Last Dance, Tom Hardy kembali sebagai Venom, salah satu karakter Marvel terhebat dan paling kompleks, untuk film terakhir dalam trilogi tersebut. Eddie dan Venom sedang dalam pelarian. Diburu oleh kedua dunia mereka dan dengan semakin dekatnya jaring, keduanya terpaksa mengambil keputusan yang menghancurkan yang akan menutup tirai tarian terakhir Venom dan Eddie."
98,Gladiator,4 Mei 2000,8.231,21453,Action | Drama | Adventure,,https://www.themoviedb.org/movie/98,https://image.tmdb.org/t/p/w500/wN2xWp1eIwCKOD0BHTcErTBv1Uq.jpg,Seorang mantan Jenderal Romawi bertekad membalas dendam terhadap kaisar korup yang membunuh keluarganya dan mengirimnya ke perbudakan.
950028,The Invite,25 Juni 2026,7.264,470,Comedy | Drama | Romance,,https://www.themoviedb.org/movie/950028,https://image.tmdb.org/t/p/w500/b7Dr8Chzse8VagexAporUu2RtLx.jpg,
1599191,仙逆剧场版：弑仙之战,,0,0,Animation | Action | Adventure | Fantasy,,https://www.themoviedb.org/movie/1599191,https://image.tmdb.org/t/p/w500/rrGy456uT4pY26rSuHock0Kt86z.jpg,
58,Pirates of the Caribbean: Dead Man's Chest,6 Juli 2006,7.39,17553,Adventure | Fantasy | Action,,https://www.themoviedb.org/movie/58,https://image.tmdb.org/t/p/w500/uXEqmloGyP7UXAiphJUu2v2pcuE.jpg,Kapten Jack Sparrow berusaha keluar dari hutang darah dengan hantu Davy Jones untuk menghindari kutukan abadi.
10138,Iron Man 2,28 April 2010,6.855,22881,Adventure | Action | Science Fiction,,https://www.themoviedb.org/movie/10138,https://image.tmdb.org/t/p/w500/uMvRuoptuLufj1KZDc0fptYA8yZ.jpg,"Dengan dunia sekarang sadar bahwa dia adalah Iron Man, penemu miliarder, Tony Stark, menghadapi tekanan dari semua sisi untuk berbagi teknologinya dengan militer. Dia enggan membocorkan rahasia baju lapis bajanya, takut informasi itu akan jatuh ke tangan yang salah. Dengan Pepper Potts dan ""Rhodey"" Rhodes di sisinya, Tony harus membentuk aliansi baru dan menghadapi musuh baru yang kuat."
674,Harry Potter and the Goblet of Fire,16 November 2005,7.802,22595,Adventure | Fantasy,,https://www.themoviedb.org/movie/674,https://image.tmdb.org/t/p/w500/fECBtHlr0RB3foNHDiCBXeg9Bv9.jpg,"Ketika nama Harry Potter muncul dari Piala Api, dia menjadi pesaing dalam pertarungan sengit demi meraih kejayaan di antara tiga sekolah sihir—Turnamen Triwizard. Tapi karena Harry tidak pernah mengirimkan namanya untuk Turnamen, siapa yang melakukannya? Kini Harry harus menghadapi naga yang mematikan, setan air yang ganas, dan labirin ajaib hanya untuk mendapati dirinya berada dalam genggaman kejam Dia yang Tidak Boleh Disebutkan Namanya."
45612,Source Code,30 Maret 2011,7.312,9385,Thriller | Science Fiction | Mystery,,https://www.themoviedb.org/movie/45612,https://image.tmdb.org/t/p/w500/nTr0lvAzeQmUjgSgDEHTJpnrxTz.jpg,
441168,From Straight A's to XXX,11 Februari 2017,5.9,171,Drama | TV Movie,,https://www.themoviedb.org/movie/441168,https://image.tmdb.org/t/p/w500/7o7qmymPy1D9mASODsrOHq41Fye.jpg,
83389,コクリコ坂から,16 Juli 2011,7.516,1991,Animation | Drama,,https://www.themoviedb.org/movie/83389,https://image.tmdb.org/t/p/w500/7GMpBtYUJhRTye6rKBNVyffm6L5.jpg,
1668364,Deseo,7 Mei 2026,6.748,246,Mystery | Drama,,https://www.themoviedb.org/movie/1668364,https://image.tmdb.org/t/p/w500/pxRAl6jEccn9x3r0o5tEqSU83nR.jpg,
1377237,Runner,7 September 2026,8.4,9,Action | Comedy | Thriller,,https://www.themoviedb.org/movie/1377237,https://image.tmdb.org/t/p/w500/yBKMAIj7clP42UkFejhGDBBoTpb.jpg,
112929,學校風雲,20 Agustus 1988,7.3,32,Drama | Crime | Thriller,,https://www.themoviedb.org/movie/112929,https://image.tmdb.org/t/p/w500/2IYWtN0OZ6RVJ4yqZeIgnifqlVT.jpg,
11,Star Wars: Episode IV - A New Hope,25 Mei 1977,8.207,22831,Adventure | Action | Science Fiction,,https://www.themoviedb.org/movie/11,https://image.tmdb.org/t/p/w500/fai0rspsNeJCS69wHNjOdWxcI7P.jpg,Putri Leia ditangkap dan disandera oleh pasukan Kekaisaran jahat dalam upaya mereka untuk mengambil alih Kekaisaran galaksi. Venturesome Luke Skywalker dan kapten gagah tim Han Solo bersama dengan duo robot yang dicintai R2-D2 dan C-3PO untuk menyelamatkan putri cantik dan memulihkan kedamaian dan keadilan di Kekaisaran.
22,Pirates of the Caribbean: The Curse of the Black Pearl,9 Juli 2003,7.834,22734,Adventure | Fantasy | Action,,https://www.themoviedb.org/movie/22,https://image.tmdb.org/t/p/w500/poHwCZeWzJCShH7tOjg8RIoyjcw.jpg,"Pandai besi Will Turner bekerja sama dengan bajak laut eksentrik ""Kapten"" Jack Sparrow untuk menyelamatkan Elizabeth Swann, putri gubernur dan kekasihnya, dari mantan sekutu bajak laut Jack, yang sekarang menjadi mayat hidup."
808,Shrek,18 Mei 2001,7.778,19278,Animation | Comedy | Fantasy | Adventure | Family,,https://www.themoviedb.org/movie/808,https://image.tmdb.org/t/p/w500/iB64vpL3dIObOtMZgX3RqdVdQDc.jpg,
138843,The Conjuring,18 Juli 2013,7.541,13037,Horror | Thriller,,https://www.themoviedb.org/movie/138843,https://image.tmdb.org/t/p/w500/wVYREutTvI2tmxr6ujrHT704wGF.jpg,"Berdasarkan kisah nyata, film menyeramkan ini menceritakan kisah sebuah keluarga New England yang mulai bertemu dengan roh-roh di rumah pertanian mereka."
68718,Django Unchained,25 Desember 2012,8.193,28565,Drama | Western,,https://www.themoviedb.org/movie/68718,https://image.tmdb.org/t/p/w500/28fQUdbUKkNBGkhYhiUt4Wbxt5O.jpg,"Ditemani oleh pemburu hadiah asal Jerman, seorang budak yang dibebaskan bernama Django melintasi Amerika demi membebaskan istrinya dari pemilik perkebunan yang sadis."
121,The Lord of the Rings: The Two Towers,18 Desember 2002,8.428,24532,Adventure | Fantasy | Action,,https://www.themoviedb.org/movie/121,https://image.tmdb.org/t/p/w500/5VTN0pR8gcqV3EPUHHfMGnJYN9L.jpg,"Frodo dan Sam sedang berjalan ke Mordor untuk menghancurkan Satu Cincin Kekuasaan sementara Gimli, Legolas dan Aragorn mencari Merry dan Pippin yang ditangkap Orc. Selama ini, penyihir jahat Saruman menunggu anggota Fellowship di Menara Orthanc di Isengard."
228150,Fury,15 Oktober 2014,7.545,13211,War | Drama | Action,,https://www.themoviedb.org/movie/228150,https://image.tmdb.org/t/p/w500/pfte7wdMobMF4CVHuOxyu6oqeeA.jpg,"Dalam bulan-bulan terakhir Perang Dunia II, ketika Sekutu melakukan dorongan terakhir mereka di teater Eropa, seorang sersan Angkatan Darat AS bernama 'Wardaddy' memimpin tank Sherman yang disebut 'Fury' dan lima orang awaknya dalam misi mematikan dibelakang garis musuh. Kalah jumlah dan kalah senjata, Wardaddy dan anak buahnya menghadapi peluang besar dalam upaya heroik mereka untuk menyerang jantung Nazi Jerman."
14836,Coraline,5 Februari 2009,7.936,9400,Animation | Family | Fantasy,,https://www.themoviedb.org/movie/14836,https://image.tmdb.org/t/p/w500/4jeFXQYytChdZYE9JYO7Un87IlW.jpg,
1233413,Sinners,16 April 2025,7.512,5144,Horror | Action | Thriller,,https://www.themoviedb.org/movie/1233413,https://image.tmdb.org/t/p/w500/fWPgbnt2LSqkQ6cdQc0SZN9CpLm.jpg,"Mencoba untuk meninggalkan kehidupan mereka yang bermasalah, saudara kembar kembali ke kampung halaman mereka untuk memulai kembali, hanya untuk menemukan bahwa kejahatan yang lebih besar sedang menunggu untuk menyambut mereka kembali."
348,Alien,25 Mei 1979,8.173,16816,Horror | Science Fiction,,https://www.themoviedb.org/movie/348,https://image.tmdb.org/t/p/w500/vfrQk5IPloGg1v9Rzbh2Eg3VGyM.jpg,
424,Schindler's List,15 Desember 1993,8.57,17880,Drama | History | War,,https://www.themoviedb.org/movie/424,https://image.tmdb.org/t/p/w500/sF1U4EUQS8YHUYjNl3pMGNIQyr0.jpg,
271110,Captain America: Civil War,27 April 2016,7.454,24540,Adventure | Action | Science Fiction,,https://www.themoviedb.org/movie/271110,https://image.tmdb.org/t/p/w500/rAGiXaUfPzY7CDEyNKUofk3Kw2e.jpg,
1297842,GOAT,11 Februari 2026,8.063,1064,Animation | Comedy | Family,,https://www.themoviedb.org/movie/1297842,https://image.tmdb.org/t/p/w500/wfuqMlaExcoYiUEvKfVpUTt1v4u.jpg,
575265,Mission: Impossible - The Final Reckoning,17 Mei 2025,7.178,3130,Action | Thriller | Adventure,,https://www.themoviedb.org/movie/575265,https://image.tmdb.org/t/p/w500/iKPsC9EFUafRP9SrUznI61getVP.jpg,"Ethan Hunt dan tim melanjutkan pencarian mereka terhadap AI mengerikan yang dikenal sebagai Entity — yang telah menyusup ke jaringan intelijen di seluruh dunia — dengan pemerintah dunia dan hantu misterius dari masa lalu Hunt yang mengikuti jejak mereka. Bergabung dengan sekutu baru dan dipersenjatai dengan kemampuan untuk melumpuhkan Entity selamanya, Hunt berpacu dengan waktu untuk mencegah dunia yang kita kenal berubah selamanya."
10193,Toy Story 3,16 Juni 2010,7.815,16188,Animation | Family | Comedy,,https://www.themoviedb.org/movie/10193,https://image.tmdb.org/t/p/w500/AbbXspMOwdvwWZgVN0nabZq03Ec.jpg,"Woody, Buzz, dan mainan Andy lainnya lama tidak dimainkan. Dengan Andy pergi ke kampus, mereka menemukan bahwa mereka tidak sengaja tertinggal di penitipan anak yang kejam. Para mainan harus bersatu untuk melarikan diri dan kembali ke Andy."
1413976,Citizen Vigilante,19 Juni 2026,6.48,378,Thriller | Action | Crime,,https://www.themoviedb.org/movie/1413976,https://image.tmdb.org/t/p/w500/6LmJD3Wohe0g4U62wgi7RyJqfE4.jpg,
429617,Spider-Man: Far From Home,28 Juni 2019,7.393,17569,Action | Adventure | Science Fiction,,https://www.themoviedb.org/movie/429617,https://image.tmdb.org/t/p/w500/4q2NNj4S5dG2RLF9CpXsej7yXl.jpg,"Peter Parker dan teman-temannya melakukan perjalanan musim panas ke Eropa. Namun, mereka hampir tidak dapat beristirahat - Peter harus setuju untuk membantu Nick Fury mengungkap misteri makhluk yang menyebabkan bencana alam dan kehancuran di seluruh benua."
1010581,Culpa mía,8 Juni 2023,7.728,4186,Drama | Romance | Thriller,,https://www.themoviedb.org/movie/1010581,https://image.tmdb.org/t/p/w500/gp31EwMH5D2bftOjscwkgTmoLAB.jpg,
646315,전설의 라이타,29 Oktober 2019,6.5,6,Action,,https://www.themoviedb.org/movie/646315,https://image.tmdb.org/t/p/w500/h5fCwKCnKAKxdX6onTnrU6MeYe8.jpg,
803796,KPop Demon Hunters,20 Juni 2025,8.001,3186,Fantasy | Music | Comedy | Animation,,https://www.themoviedb.org/movie/803796,https://image.tmdb.org/t/p/w500/zT7Lhw3BhJbMkRqm9Zlx2YGMsY0.jpg,"Saat sedang tidak tampil di konser laris, trio superstar K-pop Rumi, Mira, dan Zoey memakai kekuatan rahasia untuk melindungi penggemar mereka dari ancaman supernatural."
1522689,Why Did I Get Married Again?,8 September 2026,7.1,8,Romance | Comedy | Drama,,https://www.themoviedb.org/movie/1522689,https://image.tmdb.org/t/p/w500/bgZN3gniRohjfKdsw1Q7EGBAyqz.jpg,"Para pasangan berkumpul kembali dalam pernikahan putri Marcus dan Angela, yang menghadirkan drama lama dan baru saat mereka bertanya, ""Mengapa dahulu kita menikah lagi?"""
1303331,धमाल ४,10 Juli 2026,3.35,10,Comedy,,https://www.themoviedb.org/movie/1303331,https://image.tmdb.org/t/p/w500/5d7hpbefNiuebl5eqP5cRrckVxs.jpg,
76600,Avatar: The Way of Water,14 Desember 2022,7.584,14600,Action | Adventure | Science Fiction,,https://www.themoviedb.org/movie/76600,https://image.tmdb.org/t/p/w500/t6HIqrRAclMCA60NsSmeqe9RmNV.jpg,"Jake Sully (Sam Worthington), manusia yang menjadi mutant melalui Program Avatar, tinggal bersama pasangannya Neytiri (Zoe Saldana), dan anak-anak mereka. Mereka yang biasa hidup di darat, berjanji akan melakukan segala hal untuk tetap bersama. Namun, mereka harus menjelajahi wilayah hutan Pandora dan menghadapi datangnya pelbagai ancaman, serta bekerjasama dengan klan Metkayina yang hidup di bawah air."
911430,F1,25 Juni 2025,7.821,4624,Action | Drama,,https://www.themoviedb.org/movie/911430,https://image.tmdb.org/t/p/w500/n2dl40dj2ljN2QGClqhMPpZUDqO.jpg,"Legenda balap Sonny Hayes dibujuk untuk memimpin tim Formula 1 yang kesulitan, dan membimbing pembalap muda berbakat, sambil mengejar satu peluang terakhir untuk menebus kesalahan."
1054867,One Battle After Another,23 September 2025,7.334,4214,Thriller | Crime | Comedy,,https://www.themoviedb.org/movie/1054867,https://image.tmdb.org/t/p/w500/lbBWwxBht4JFP5PsuJ5onpMqugW.jpg,"Bob revolusioner yang tercuci hidup dalam keadaan paranoia yang dirajam, bertahan hidup di luar jaringan dengan putrinya yang bersemangat dan mandiri, Willa. Ketika musuh bebuyutannya muncul kembali setelah 16 tahun dan dia hilang, mantan radikal berebut untuk menemukannya, ayah dan anak perempuan keduanya berjuang melawan konsekuensi dari masa lalunya."
1368166,The Housemaid,18 Desember 2025,7.257,3020,Mystery | Thriller,,https://www.themoviedb.org/movie/1368166,https://image.tmdb.org/t/p/w500/cWsBscZzwu5brg9YjNkGewRUvJX.jpg,"Berusaha melarikan diri dari masa lalunya, Millie Calloway menerima pekerjaan sebagai pembantu rumah tangga yang tinggal bersama pasangan kaya Nina dan Andrew Winchester. Namun, apa yang awalnya merupakan pekerjaan impian dengan cepat berubah menjadi sesuatu yang jauh lebih berbahaya—permainan rahasia, skandal, dan kekuasaan yang seksi dan menggoda."
822653,劇場版 魔法少女まどか☆マギカ〈ワルプルギスの廻天〉,28 Agustus 2026,0,0,Animation | Drama | Mystery | Fantasy,,https://www.themoviedb.org/movie/822653,https://image.tmdb.org/t/p/w500/tc7wW6whJSvxM9f5RdqmQVpdl6n.jpg,
12,Finding Nemo,30 Mei 2003,7.821,20948,Animation | Family | Adventure,,https://www.themoviedb.org/movie/12,https://image.tmdb.org/t/p/w500/eHuGQ10FUzK1mdOY69wF5pGgEf5.jpg,
198663,The Maze Runner,10 September 2014,7.19,18440,Action | Mystery | Science Fiction | Thriller,,https://www.themoviedb.org/movie/198663,https://image.tmdb.org/t/p/w500/ode14q7WtDugFDp78fo9lCsmay9.jpg,
950396,The Gorge,13 Februari 2025,7.694,4172,Romance | Science Fiction | Thriller,,https://www.themoviedb.org/movie/950396,https://image.tmdb.org/t/p/w500/7iMBZzVZtG0oBug4TfqDb9ZxAOa.jpg,"Dua agen yang sangat terlatih makin akrab dari kejauhan setelah ditugaskan untuk menjaga sisi berlawanan di jurang misterius. Saat kejahatan muncul dari bawah, mereka harus bekerja sama agar selamat dari apa yang ada di dalamnya."
335984,Blade Runner 2049,4 Oktober 2017,7.605,15637,Science Fiction | Drama,,https://www.themoviedb.org/movie/335984,https://image.tmdb.org/t/p/w500/gajva2L0rPYkEWjzgFlBXCAVBE5.jpg,"Tiga puluh tahun setelah peristiwa pada film sebelumnya, blade runner yang baru, petugas LAPD bernama K, membongkar rahasia yang telah tersimpan lama yang dapat membuat kekacauan di masyarakat. Penemuan tsb membuat K terdorong untuk mencari Rick Deckard, mantan polisi yang telah hilang selama 30 tahun."
425274,Now You See Me: Now You Don't,12 November 2025,6.465,1805,Crime | Thriller,,https://www.themoviedb.org/movie/425274,https://image.tmdb.org/t/p/w500/oD3Eey4e4Z259XLm3eD3WGcoJAh.jpg,
330457,Frozen II,20 November 2019,7.225,10459,Family | Animation | Adventure | Comedy | Fantasy,,https://www.themoviedb.org/movie/330457,https://image.tmdb.org/t/p/w500/mINJaa34MtknCYl5AjtNJzWj8cD.jpg,
105,Back to the Future,3 Juli 1985,8.3,22354,Adventure | Comedy | Science Fiction,,https://www.themoviedb.org/movie/105,https://image.tmdb.org/t/p/w500/vN5B5WgYscRGcQpVhHl6p9DDTP0.jpg,
389,12 Angry Men,10 April 1957,8.571,10340,Drama,,https://www.themoviedb.org/movie/389,https://image.tmdb.org/t/p/w500/zhG3vKWyDRaZYoaww1UVAi29T9h.jpg,"Setelah argumen penutup dalam persidangan pembunuhan, 12 anggota juri harus berunding, dengan vonis bersalah yang berarti kematian bagi terdakwa, seorang remaja dari kota. Ketika belasan orang itu mencoba untuk mencapai keputusan bulat saat diasingkan di sebuah ruangan, seorang juri meragukan beberapa elemen dari kasus tersebut. Masalah pribadi segera muncul ke permukaan, dan konflik mengancam untuk menggagalkan proses rumit yang akan menentukan nasib seorang anak laki-laki."
102382,The Amazing Spider-Man 2,16 April 2014,6.559,14704,Action | Adventure | Science Fiction,,https://www.themoviedb.org/movie/102382,https://image.tmdb.org/t/p/w500/bU7nTmvmy0h3VUP01v1T2imgH6N.jpg,"Bagi Peter Parker, hidup itu sibuk. Di antara mengalahkan orang-orang jahat sebagai Spider-Man dan menghabiskan waktu dengan orang yang dicintainya, Gwen Stacy, kelulusan SMA tidak akan pernah cukup cepat. Peter tidak melupakan janji yang dibuatnya kepada ayah Gwen untuk melindunginya dengan menjauh, tetapi itu adalah janji yang tidak dapat ditepatinya. Keadaan akan berubah bagi Peter ketika penjahat baru, Electro, muncul, teman lamanya, Harry Osborn, kembali, dan Peter menemukan petunjuk baru tentang masa lalunya."
933260,The Substance,7 September 2024,7.129,6430,Horror | Science Fiction,,https://www.themoviedb.org/movie/933260,https://image.tmdb.org/t/p/w500/vhbQQdPnfLUxhdXhREITF5cYppT.jpg,"Seorang selebriti yang mulai menurun popularitasnya memutuskan untuk menggunakan obat ilegal, zat obat tersebut dapat mereplikasi sel untuk sementara waktu sehingga menciptakan versi dirinya yang lebih muda dan lebih baik."
652,Troy,13 Mei 2004,7.19,11487,Action | Adventure,,https://www.themoviedb.org/movie/652,https://image.tmdb.org/t/p/w500/a07wLy4ONfpsjnBqMwhlWTJTcm.jpg,"Ratu Helen kabur dari Sparta untuk bersama sang kekasih, Pangeran Troy. Yunani pun menghimpun semua armada dan merancang pengepungan selama 10 tahun sebagai balasannya."
23916,Paradise Alley,22 September 1978,5.917,163,Action | Drama,,https://www.themoviedb.org/movie/23916,https://image.tmdb.org/t/p/w500/tF3YenU48fn1Ml0AMRvsG6nSP9V.jpg,
502356,The Super Mario Bros. Movie,5 April 2023,7.593,11114,Family | Comedy | Adventure | Fantasy | Animation,,https://www.themoviedb.org/movie/502356,https://image.tmdb.org/t/p/w500/qNBAXBIQlnOThrVvA6mA2B5ggV6.jpg,"Ketika sedang bekerja di bawah tanah untuk memperbaiki pipa air, Mario dan Luigi, yang merupakan tukang ledeng dari Brooklyn, tiba-tiba terhisap ke dalam pipa misterius dan masuk ke dunia yang sangat berbeda. Mereka berada di tempat yang ajaib dan aneh. Tapi sayangnya, mereka terpisah satu sama lain. Mario memulai petualangan besar untuk mencari dan menemukan Luigi."
1022789,Inside Out 2,11 Juni 2024,7.538,6963,Animation | Adventure | Comedy | Family,,https://www.themoviedb.org/movie/1022789,https://image.tmdb.org/t/p/w500/vpnVM9B6NMmQpWeZvzLvDESb2QY.jpg,
1530121,The Girl in the River,4 September 2026,8,7,Crime | Thriller,,https://www.themoviedb.org/movie/1530121,https://image.tmdb.org/t/p/w500/zk2saSFclmoJDxBovrOTp8W6NSz.jpg,
324786,Hacksaw Ridge,7 Oktober 2016,8.193,15267,Drama | History | War,,https://www.themoviedb.org/movie/324786,https://image.tmdb.org/t/p/w500/fnOMP6mjmOmZwmlC1n0K7ivrzt1.jpg,"Bercerita mengenai Desmond T. Doss, seorang dokter tentara Amerika Serikat yang menolak membawa satu pun senjata dalam peperangan, karena keyakinan yang ia anut. Dalam pertempuran Okinawa di era Perang Dunia kedua, Desmond berhasil mengevakuasi 75 orang tentara, sendirian, dan tanpa satu pun peluru ia tembakkan.  Doss menjadi satu - satunya tentara yang tidak pernah mengangkat senjata selama perang dunia kedua. Selain itu, dia menjadi orang pertama yang menuntut haknya untuk tidak sepenuhnya mengikuti perintah militer dalam sejarah Amerika Serikat, yang dianugerahi penghargaan tertinggi tentara Amerika, yaitu Medal of Honor."
1380417,By Any Means,2 September 2026,8.1,12,History | Crime | Drama,,https://www.themoviedb.org/movie/1380417,https://image.tmdb.org/t/p/w500/f4hdIed8vh10O8TkQ1CkHS8MQ3G.jpg,
269149,Zootopia,11 Februari 2016,7.765,18503,Animation | Adventure | Family | Comedy,,https://www.themoviedb.org/movie/269149,https://image.tmdb.org/t/p/w500/hlK0e0wAQ3VLuJcsfIYPvb4JVud.jpg,"Bertekad untuk membuktikan dirinya, Petugas Judy Hopps, kelinci pertama di kepolisian Zootopia, melompat pada kesempatan untuk memecahkan kasus pertamanya - bahkan jika itu berarti bermitra dengan penipu rubah Nick Wilde untuk memecahkan misteri."
76341,Mad Max: Fury Road,13 Mei 2015,7.637,24564,Action | Adventure | Science Fiction,,https://www.themoviedb.org/movie/76341,https://image.tmdb.org/t/p/w500/ulcAi4dKpAjHwYGS08vNyx9H6I9.jpg,"Di sebuah gurun pascaapokaliptik, Max membantu wanita pemberontak dan sekelompok tahanan wanita melarikan diri dari tirani, mengusir ancaman dan mencari tanah air mereka."
1765072,You Can See Everything,6 September 2026,9,1,Documentary,,https://www.themoviedb.org/movie/1765072,https://image.tmdb.org/t/p/w500/qhFWz1BsEMg5rcs6TAstmGQggMT.jpg,
240,The Godfather Part II,20 Desember 1974,8.6,14301,Drama | Crime,,https://www.themoviedb.org/movie/240,https://image.tmdb.org/t/p/w500/sSuQTCZwqKrNBNIsksO9IAUoWP9.jpg,
49026,The Dark Knight Rises,17 Juli 2012,7.797,24896,Action | Crime | Drama | Thriller,,https://www.themoviedb.org/movie/49026,https://image.tmdb.org/t/p/w500/hr0L2aueqlP2BYUblTTjmtn0hw4.jpg,"Setelah kematian Jaksa Distrik Harvey Dent, Batman mengambil tanggung jawab atas kejahatan Dent untuk melindungi reputasi mendiang pengacara dan kemudian diburu oleh Departemen Kepolisian Kota Gotham. Delapan tahun kemudian, Batman bertemu Selina Kyle yang misterius dan Bane yang jahat, seorang pemimpin teroris baru yang menguasai yang terbaik di Gotham. The Dark Knight muncul kembali untuk melindungi kota yang mencapnya sebagai musuh."
1241982,Moana 2,21 November 2024,6.989,3271,Adventure | Animation | Comedy | Family | Fantasy,,https://www.themoviedb.org/movie/1241982,https://image.tmdb.org/t/p/w500/aLVkiINlIeCkcZIzb7XHzPYgO6L.jpg,"Setelah menerima panggilan tak terduga dari nenek moyangnya yang mencari jalan, Moana harus melakukan perjalanan ke lautan jauh dan ke perairan berbahaya yang telah lama hilang untuk sebuah petualangan yang belum pernah ia hadapi."
150540,Masuk Keluar,17 Juni 2015,7.906,23860,Animation | Family | Adventure | Drama | Comedy,,https://www.themoviedb.org/movie/150540,https://image.tmdb.org/t/p/w500/2H1TmgdfNtsKlU9jKdeNyYL5y8T.jpg,"Tumbuh dewasa bisa menjadi jalan yang bergelombang, dan tidak terkecuali bagi Riley, yang tercerabut dari kehidupannya di Midwest ketika ayahnya memulai pekerjaan baru di San Francisco. Emosi pemandu Riley— Kegembiraan, Ketakutan, Kemarahan, Jijik, dan Kesedihan — hidup di Markas Besar, pusat kendali di dalam pikiran Riley, tempat mereka membantu menasihatinya melalui kehidupan sehari-hari dan berusaha menjaga hal-hal positif, tetapi emosi bertentangan tentang cara terbaik untuk menavigasi suatu kota baru, rumah dan sekolah."
1078605,Weapons,4 Agustus 2025,7.255,3900,Horror | Mystery,,https://www.themoviedb.org/movie/1078605,https://image.tmdb.org/t/p/w500/cpf7vsRZ0MYRQcnLWteD5jK9ymT.jpg,
244786,Whiplash,10 Oktober 2014,8.375,17053,Drama | Music | Thriller,,https://www.themoviedb.org/movie/244786,https://image.tmdb.org/t/p/w500/7fn624j5lj3xTme2SgiLCeuedmO.jpg,"Demi impian menjadi pemain drum terhebat, Andrew, drummer muda berbakat mendaftar di sebuah konservatorium musik dengan mentor Terence Fletcher - yang terkenal dengan cara pengajaran sangat brutal."
68721,Iron Man 3,18 April 2013,6.931,23846,Action | Adventure | Science Fiction,,https://www.themoviedb.org/movie/68721,https://image.tmdb.org/t/p/w500/qhPtAc1TKbMPqNvcdXSOn9Bn7hZ.jpg,"Setelah peristiwa besar di New York bersama Avengers, Stark terus mengalami rasa gelisah dan cemas.  Ia membuat lebih banyak baju besi Iron Man untuk mengatasi rasa takutnya, namun hal itu malah membuatnya semakin terisolasi dan konflik dengan kekasihnya, Pepper Potts.  Ditengah kekhawatiran Stark, teror baru muncul dalam wujud seorang teroris bernama Mandarin yang mengancam Amerika dengan serangkaian pengeboman misterius.  Ketika rumah Stark diserang dan dihancurkan oleh pasukan Mandarin, Stark harus menghadapi kenyataan bahwa musuh barunya memiliki kekuatan dan sumber daya yang luar biasa.  Terdampar di tempat yang jauh dari rumahnya, Stark harus bergantung pada kecerdasannya dan kemampuan improvisasinya untuk bertahan hidup dan melawan ancaman."
205596,The Imitation Game,14 November 2014,7.979,18389,History | Drama | Thriller | War,,https://www.themoviedb.org/movie/205596,https://image.tmdb.org/t/p/w500/zSqJ1qFq8NXFfi7JeIYMlzyR0dx.jpg,
350,The Devil Wears Prada,29 Juni 2006,7.436,14205,Drama | Comedy,,https://www.themoviedb.org/movie/350,https://image.tmdb.org/t/p/w500/8912AsVuS7Sj915apArUFbv6F9L.jpg,Seorang gadis yang baru lulus kuliah menemukan kekuatan—dan gaya—miliknya sendiri saat berusaha keras meraih sukses sebagai asisten editor kejam sebuah majalah mode.
675,Harry Potter and the Order of the Phoenix,8 Juli 2007,7.672,21193,Adventure | Fantasy,,https://www.themoviedb.org/movie/675,https://image.tmdb.org/t/p/w500/5aOyriWkPec0zUDxmHFP9qMmBaj.jpg,"Sekembalinya untuk tahun kelima studinya di Hogwarts, Harry terkejut saat mengetahui bahwa peringatannya tentang kembalinya Lord Voldemort telah diabaikan. Karena tidak punya pilihan, Harry mengambil tindakan sendiri, melatih sekelompok kecil siswa untuk mempertahankan diri melawan ilmu hitam."
1318447,Apex,24 April 2026,6.89,1906,Action | Thriller,,https://www.themoviedb.org/movie/1318447,https://image.tmdb.org/t/p/w500/eTp7gSPkSF3Aw79mNx1NkBP1PZT.jpg,Seorang wanita yang berduka nekat bertualang sendirian di alam liar Australia dan terjebak dalam permainan gila dengan pembunuh licik yang menganggapnya sebagai mangsa.
453395,Doctor Strange in the Multiverse of Madness,4 Mei 2022,7.223,10787,Fantasy | Action | Adventure,,https://www.themoviedb.org/movie/453395,https://image.tmdb.org/t/p/w500/ddJcSKbcp4rKZTmuyWaMhuwcfMz.jpg,"Sinopsis Doctor Strange in the Multiverse of Madness mengisahkan Stephen Strange yang kedatangan tamu dari semesta lain, yaitu America Chavez. Kehadiran America ke semesta Strange yang berada di universe utama MCU adalah untuk meminta bantuan sang superhero"
4935,ハウルの動く城,9 September 2004,8.386,11409,Fantasy | Animation | Adventure,,https://www.themoviedb.org/movie/4935,https://image.tmdb.org/t/p/w500/v0K2e1t6ocUNnkZ9BeiFdcOT9LG.jpg,
980477,哪吒之魔童闹海,29 Januari 2025,8.156,813,Animation | Action | Fantasy | Adventure,,https://www.themoviedb.org/movie/980477,https://image.tmdb.org/t/p/w500/gCdOzIGlJjCS5bx4ME4dgBZ5lWo.jpg,
1724,The Incredible Hulk,12 Juni 2008,6.26,13115,Science Fiction | Action | Adventure,,https://www.themoviedb.org/movie/1724,https://image.tmdb.org/t/p/w500/gKzYx79y0AQTL4UAk1cBQJ3nvrm.jpg,"Ilmuwan Bruce Banner menjelajahi planet ini untuk mencari penawar bagi kekuatan amarah yang tak terkendali dalam dirinya: Hulk. Namun, ketika para dalang militer yang ingin memanfaatkan kekuatannya memaksanya kembali ke peradaban, ia mendapati dirinya berhadapan langsung dengan musuh baru yang mematikan."
14160,Up,28 Mei 2009,7.96,22093,Animation | Comedy | Family | Adventure,,https://www.themoviedb.org/movie/14160,https://image.tmdb.org/t/p/w500/mFvoEwSfLqbcWwFsDjQebn9bzFe.jpg,"Carl Fredricksen yang berusia 78 tahun melakukan perjalanan ke Paradise Falls di rumahnya yang dilengkapi dengan balon, secara tidak sengaja membawa penumpang gelap."
967998,Conspiração Fatal,26 Mei 2022,6.4,5,Horror,,https://www.themoviedb.org/movie/967998,https://image.tmdb.org/t/p/w500/zpj3nNoc5xaUZTIdnuhwXwUcRag.jpg,
767,Harry Potter and the Half-Blood Prince,15 Juli 2009,7.7,21164,Adventure | Fantasy,,https://www.themoviedb.org/movie/767,https://image.tmdb.org/t/p/w500/z7uo9zmQdQwU5ZJHFpv2Upl30i1.jpg,"Ketika Lord Voldemort mempererat cengkeramannya pada dunia Muggle dan sihir, Hogwarts bukan lagi tempat yang aman. Harry curiga bahaya mungkin ada di dalam kastil, tetapi Dumbledore lebih berniat mempersiapkannya untuk pertempuran terakhir yang akan segera terjadi. Bersama-sama mereka bekerja untuk menemukan kunci untuk membuka pertahanan Voldemort dan untuk tujuan ini, Dumbledore merekrut teman lama dan koleganya Horace Slughorn, yang dia yakini menyimpan informasi penting. Bahkan ketika pertikaian yang menentukan sudah dekat, romansa berkembang untuk Harry, Ron, Hermione, dan teman-teman sekelas mereka. Cinta sedang mengudara, namun bahaya menghadang dan Hogwarts mungkin tidak akan pernah sama lagi."
210577,Gone Girl,1 Oktober 2014,7.89,20368,Mystery | Thriller | Drama,,https://www.themoviedb.org/movie/210577,https://image.tmdb.org/t/p/w500/ts996lKsxvjkO2yiYG0ht4qAicO.jpg,"Gone Girl adalah sebuah film thriller psikologis Amerika Serikat yang rilis pada tahun 2014. Film ini disutradarai oleh David Fincher. Skenario film ini ditulis oleh Gillian Flynn, berdasarkan pada novel karangannya yang memiliki judul yang sama. Film ini dibintangi Ben Affleck dan Rosamund Pike"
106646,The Wolf of Wall Street,25 Desember 2013,8.026,26478,Crime | Drama | Comedy,,https://www.themoviedb.org/movie/106646,https://image.tmdb.org/t/p/w500/kW9LmvYHAaS9iA0tHmZVq8hQYoq.jpg,
614479,Insidious: The Red Door,5 Juli 2023,6.518,2097,Horror | Thriller,,https://www.themoviedb.org/movie/614479,https://image.tmdb.org/t/p/w500/d07phJqCx6z5wILDYqkyraorDPi.jpg,"bercerita tentang kehidupan keluarga Lambert 10 tahun setelah insiden misterius yang terjadi pada chapter sebelumnya di INSIDIOUS : THE LAST KEY (2018). Film dibuka dengan kisah Dalton Lambert, anak laki-laki dari Josh Lambert dan Renai Lambert yang berhasil menjadi mahasiswa baru di kampus impiannya, Ivy-League University.  Untuk itu, mereka harus pergi ke wilayah timur untuk mengantar Dalton berkuliah di sana. Namun, mimpi yang selama ini Dalton idamkan seketika berubah menjadi mimpi buruk karena teror arwah yang dahulu pernah mengganggunya kembali datang. Mengetahui hal tersebut, Dalton bersama dengan Josh mencoba untuk mencari tahu apa yang menyebabkan keluarga mereka kembali diusik. Mereka pun terpaksa kembali memasuki The Red Door, gerbang penghubung antara dunia manusia dengan dunia arwah atau yang disebut dengan The Further."
920,Cars,8 Juni 2006,7.05,15484,Animation | Adventure | Comedy | Family,,https://www.themoviedb.org/movie/920,https://image.tmdb.org/t/p/w500/2Touk3m5gzsqr1VsvxypdyHY5ci.jpg,"Lightning McQueen, mobil balap rookie jagoan yang digerakkan untuk sukses, menemukan bahwa hidup adalah tentang perjalanan, bukan garis finish, ketika dia mendapati dirinya tiba-tiba berbelok di Radiator Springs, kota Route 66 yang mengantuk. Dalam perjalanan melintasi negara ke Kejuaraan Piala Piston besar di California untuk bersaing dengan dua pemain pro berpengalaman, McQueen mengenal karakter offbeat kota."
315162,Puss in Boots: The Last Wish,7 Desember 2022,8.216,9205,Animation | Adventure | Fantasy | Comedy | Family,,https://www.themoviedb.org/movie/315162,https://image.tmdb.org/t/p/w500/kuf6dutpsT0vSVehic3EZIqkOBt.jpg,Puss in Boots menemukan fakta bahwa kecintaannya pada petualangan telah merenggut nyawanya: dia telah menghabiskan delapan dari sembilan nyawanya. Puss kini memulai petualangan epik untuk menemukan harapan terakhir untuk memulihkan sembilan nyawanya.
1087192,How to Train Your Dragon,6 Juni 2025,7.932,3103,Fantasy | Family | Action | Adventure,,https://www.themoviedb.org/movie/1087192,https://image.tmdb.org/t/p/w500/53dsJ3oEnBhTBVMigWJ9tkA5bzJ.jpg,
284053,Thor: Ragnarok,2 Oktober 2017,7.58,22453,Action | Science Fiction | Comedy | Adventure,,https://www.themoviedb.org/movie/284053,https://image.tmdb.org/t/p/w500/rzRwTcFvttcN1ZpX2xv4j3tSdJu.jpg,"Setelah mendengar muncul berbagai permasalahan di tempat asalnya, Thor (Chris Hemsworth) pulang ke Asgard. Ia kehilangan senjata andalannya dan terperangkap dalam sebuah penjara.  Namun saat itu juga ia harus berlomba dengan waktu untuk menghentikan ‘Ragnarok’ dengan melawan Hela, musuh kuat yang ingin menghancurkan Asgard."
505642,Black Panther: Wakanda Forever,9 November 2022,6.993,7752,Action | Adventure | Science Fiction,,https://www.themoviedb.org/movie/505642,https://image.tmdb.org/t/p/w500/sv1xJUazXeYqALzczSZ3O6nkH75.jpg,Rakyat Wakanda kali ini akan berjuang untuk melindungi negerinya dari campur tangan kekuatan dunia setelah kematian sang Raja T'Challa.
385687,Fast X,17 Mei 2023,6.982,6481,Action | Crime | Thriller,,https://www.themoviedb.org/movie/385687,https://image.tmdb.org/t/p/w500/fiVW06jE7z9YnO4trhaMEdclSiC.jpg,Dom Toretto dan keluarganya menjadi sasaran putra gembong narkoba Hernan Reyes yang pendendam.
411,"The Chronicles of Narnia: The Lion, the Witch and the Wardrobe",7 Desember 2005,7.143,11753,Adventure | Family | Fantasy,,https://www.themoviedb.org/movie/411,https://image.tmdb.org/t/p/w500/iREd0rNCjYdf5Ar0vfaW32yrkm.jpg,
346698,Barbie,19 Juli 2023,6.909,11537,Comedy | Adventure | Fantasy,,https://www.themoviedb.org/movie/346698,https://image.tmdb.org/t/p/w500/yBvoDlzpKx9HRk2Pcp8gc0E6SYP.jpg,
950387,A Minecraft Movie,31 Maret 2025,6.224,3273,Family | Fantasy | Comedy | Adventure,,https://www.themoviedb.org/movie/950387,https://image.tmdb.org/t/p/w500/e5TC3WaYa8zRwrn1h4XwCauUlmh.jpg,
284052,Doctor Strange,25 Oktober 2016,7.425,23875,Fantasy | Adventure | Action,,https://www.themoviedb.org/movie/284052,https://image.tmdb.org/t/p/w500/uGBVj3bEbCoZbDjjl9wTxcygko1.jpg,"Hidup Stephen Vincent Strange (Benedict Cumberbatch), seorang doktor bedah yang pintar namun sombong, mendadak berubah drastis. Sebuah kecelakaan mobil membuat kemampuan tangannya menjadi sangat terbatas. Bertekad untuk menyembuhkan kondisinya, ia pun berpetualang mencari obat untuk memulihkan tangannya.  Perjalanan tersebut mempertemukan sang doktor bedah dengan penyihir bernama The Ancient One (Tilda Swinton), yang kemudian mengangkat Strange menjadi murid, dengan tujuan menjadikan ia sebagai pelindung alam manusia. Kali ini Strange harus mengesampingkan egonya, dan menggunakan segala kemampuannya untuk menjadi perantara antara dimensi manusia dan dimensi lain."
156022,The Equalizer,24 September 2014,7.292,10179,Thriller | Action | Crime,,https://www.themoviedb.org/movie/156022,https://image.tmdb.org/t/p/w500/9u4yW7yPA0BQ2pv9XwiNzItwvp8.jpg,"The Equalizer adalah film Amerika Serikat produksi tahun 2014 bergenre thriller aksi yang disutradarai oleh Antoine Fuqua, berdasarkan skenario yang ditulis oleh Richard Wenk, diangkat dari serial drama televisi dengan judul sama"
541671,Ballerina,4 Juni 2025,7.272,2955,Action | Thriller | Crime,,https://www.themoviedb.org/movie/541671,https://image.tmdb.org/t/p/w500/2VUmvqsHb6cEtdfscEA6fqqVzLg.jpg,"Berlangsung selama peristiwa John Wick: Bab 3 - Parabellum, Eve Macarro memulai pelatihannya dalam tradisi pembunuh Ruska Roma."
1709391,हनुमान अंश,7 Agustus 2026,8.6,10,Family | Drama,,https://www.themoviedb.org/movie/1709391,https://image.tmdb.org/t/p/w500/iefsiPPBo80SlKuwbxBOmYbCcxm.jpg,
1656061,Immortal Combat,24 April 2026,4.81,21,Action | Science Fiction | Adventure,,https://www.themoviedb.org/movie/1656061,https://image.tmdb.org/t/p/w500/mhRAgvQ04DTE4zQN3OSyc9Lonj3.jpg,
522627,The Gentlemen,1 Januari 2020,7.657,6852,Action | Comedy | Crime,,https://www.themoviedb.org/movie/522627,https://image.tmdb.org/t/p/w500/jtrhTYB7xSrJxR1vusu99nvnZ1g.jpg,
280092,Insidious: Chapter 3,28 Mei 2015,6.298,3753,Horror | Thriller,,https://www.themoviedb.org/movie/280092,https://image.tmdb.org/t/p/w500/iDdGfdNvY1EX0uDdA4Ru77fwMfc.jpg,"Meski enggan, paranormal Elise Rainier bersedia membantu seorang remaja menghubungi almarhum ibunya. Namun, tanpa sengaja ia melepaskan iblis yang menyiksa si gadis."
383498,Deadpool 2,15 Mei 2018,7.488,19624,Action | Comedy | Adventure,,https://www.themoviedb.org/movie/383498,https://image.tmdb.org/t/p/w500/to0spRl1CMDvyUbOnbb4fTk3VAd.jpg,"Tentara bayaran yang pandai bercanda, Deadpool, melawan Cable yang jahat dan kuat serta penjahat lainnya demi menyelamatkan nyawa seorang anak laki-laki."
414419,Kill Bill: The Whole Bloody Affair,27 Maret 2011,8.1,1412,Action | Crime | Drama | Thriller,,https://www.themoviedb.org/movie/414419,https://image.tmdb.org/t/p/w500/nSOJfWJCdVFZQwXQA7RXn7FIIiY.jpg,
1569947,The Priest: Thanksgiving Massacre,8 Agustus 2025,3.843,70,Horror,,https://www.themoviedb.org/movie/1569947,https://image.tmdb.org/t/p/w500/AiRySv62247N91mfCCAryACGNuv.jpg,
286217,The Martian,30 September 2015,7.707,21779,Science Fiction | Drama | Adventure,,https://www.themoviedb.org/movie/286217,https://image.tmdb.org/t/p/w500/fASz8A0yFE3QB6LgGoOfwvFSseV.jpg,
1168190,Kru Penghancur,28 Januari 2026,7.097,1257,Action | Comedy | Crime | Mystery,,https://www.themoviedb.org/movie/1168190,https://image.tmdb.org/t/p/w500/2JA7ExQhWpBoGvkTvdIxrqHEeD4.jpg,"Dalam KRU PENGHANCUR, saudara tiri, Jonny dan James, bertemu kembali setelah kematian misterius ayah mereka. Saat mereka mencari kebenaran, rahasia terpendam mengungkap konspirasi untuk menghancurkan keluarga mereka. Berlatar di Hawaii, film ini disutradarai oleh Ángel Manuel Soto dan dibintangi oleh Claes Bang, Jacob Batalon, Stephen Root, dan Morena Baccarin."
857,Saving Private Ryan,24 Juli 1998,8.233,17742,War | Drama | History,,https://www.themoviedb.org/movie/857,https://image.tmdb.org/t/p/w500/uqx37cS8cpHg8U35f9U5IBlrCV3.jpg,Delapan Ranger Angkatan Darat AS menyusup ke wilayah yang dikuasai Jerman pada saat Perang Dunia II demi membawa pulang seorang prajurit yang tiga kakaknya telah gugur.
1621949,Qu'est-ce qu'on va faire de toi ?,11 Februari 2026,7.833,6,Documentary,,https://www.themoviedb.org/movie/1621949,https://image.tmdb.org/t/p/w500/lHyG2JHLNrpeMr2jGBdx65KFhC5.jpg,
466272,Once Upon a Time... in Hollywood,24 Juli 2019,7.419,15209,Comedy | Drama | Thriller,,https://www.themoviedb.org/movie/466272,https://image.tmdb.org/t/p/w500/8j58iEBw9pOXFD2L0nt0ZXeHviB.jpg,Seorang aktor televisi yang pudar dan aksi gandanya berusaha untuk mencapai ketenaran dan kesuksesan di industri film selama tahun-tahun terakhir Hollywood Golden Age pada 1969 di Los Angeles.
20352,Despicable Me,8 Juli 2010,7.26,16363,Animation | Comedy | Crime | Science Fiction | Family,,https://www.themoviedb.org/movie/20352,https://image.tmdb.org/t/p/w500/b1BT309QWjtFUlJPLmXmrcHOWEL.jpg,Gru si penjahat menyusun rencana untuk mencuri bulan dari langit. Namun ia kesulitan melakukan tugasnya setelah harus merawat tiga anak yatim piatu.
101,Léon,14 September 1994,8.292,16485,Crime | Drama | Action,,https://www.themoviedb.org/movie/101,https://image.tmdb.org/t/p/w500/efqJtlo5J1hBNFmbwyjyAR9Mpr2.jpg,
26827,Who's That Girl,7 Agustus 1987,5.512,260,Comedy | Romance,,https://www.themoviedb.org/movie/26827,https://image.tmdb.org/t/p/w500/2Yu6ciKKgSWIZAzUg4IrrifO23z.jpg,
127585,X-Men: Days of Future Past,15 Mei 2014,7.535,16628,Action | Adventure | Science Fiction,,https://www.themoviedb.org/movie/127585,https://image.tmdb.org/t/p/w500/tYfijzolzgoMOtegh1Y7j2Enorg.jpg,Ansambel X-Men yang hebat berperang demi kelangsungan hidup spesies dalam dua periode waktu ketika mereka bergabung dengan diri mereka yang lebih muda dalam pertempuran epik yang harus mengubah masa lalu - untuk menyelamatkan masa depan kita.
37165,The Truman Show,4 Juni 1998,8.158,20803,Comedy | Drama,,https://www.themoviedb.org/movie/37165,https://image.tmdb.org/t/p/w500/vuza0WqY239yBXOadKlGwJsZJFE.jpg,
77338,Intouchables,2 November 2011,8.272,18785,Drama | Comedy,,https://www.themoviedb.org/movie/77338,https://image.tmdb.org/t/p/w500/bPPNSVARJ8DqiRpMZCdbWuVEYa8.jpg,
194,Le Fabuleux Destin d'Amélie Poulain,25 April 2001,7.92,12639,Comedy | Romance,,https://www.themoviedb.org/movie/194,https://image.tmdb.org/t/p/w500/tdXtLG6L1QMwrv0MNdW6B9IwC8B.jpg,
141052,Justice League,15 November 2017,6.069,13916,Action | Adventure | Science Fiction,,https://www.themoviedb.org/movie/141052,https://image.tmdb.org/t/p/w500/eifGNCSDuxJeS1loAXil5bIGgvC.jpg,"Dipicu oleh keyakinannya yang dipulihkan dalam kemanusiaan dan diilhami oleh tindakan tanpa pamrih Superman, Bruce Wayne dan Diana Prince mengumpulkan tim metahumans yang terdiri dari Barry Allen, Arthur Curry, dan Victor Stone untuk menghadapi ancaman besar dari Steppenwolf dan Parademons yang sedang mencari tiga Kotak Ibu di Bumi."
359410,Road House,8 Maret 2024,6.943,3220,Action | Thriller | Drama,,https://www.themoviedb.org/movie/359410,https://image.tmdb.org/t/p/w500/fDEdtS4P0gJsxHDIt8dG8TR5dx1.jpg,"Mantan petarung UFC, Dalton, menerima pekerjaan sebagai penjaga di bar kota Florida Keys, hanya untuk mengetahui bahwa surga ini tak seperti yang terlihat."
1630409,คนเดือดทวงแค้น,20 Juli 2026,7.989,133,Action | Thriller | Crime,,https://www.themoviedb.org/movie/1630409,https://image.tmdb.org/t/p/w500/2h4ikWt6TddvIAhMdS3WGVXhaRf.jpg,
109445,Frozen,20 November 2013,7.249,17864,Animation | Family | Adventure | Fantasy,,https://www.themoviedb.org/movie/109445,https://image.tmdb.org/t/p/w500/itAKcobTYGpYT8Phwjd8c9hleTo.jpg,
49013,Cars 2,11 Juni 2011,6.2,8676,Animation | Family | Adventure | Comedy,,https://www.themoviedb.org/movie/49013,https://image.tmdb.org/t/p/w500/okIz1HyxeVOMzYwwHUjH2pHi74I.jpg,Mobil balap terkenal Lightning McQueen dan kawannya Mater pergi untuk bertanding pada balapan World Grand Prix. Tetapi jalan menuju kemenangan menjadi sulit saat Mater terjebak dalam petualangannya: spionase internasional.
284054,Black Panther,13 Februari 2018,7.362,23929,Action | Adventure | Science Fiction,,https://www.themoviedb.org/movie/284054,https://image.tmdb.org/t/p/w500/fYTKuov1bxZKrli6HoYSqzTPLgY.jpg,"T'Challa, pewaris kerajaan Wakanda yang tersembunyi namun maju, harus melangkah maju untuk memimpin rakyatnya menuju masa depan baru dan harus menghadapi penantang dari masa lalu negaranya."
1422,The Departed,4 Oktober 2006,8.159,16608,Drama | Thriller | Crime,,https://www.themoviedb.org/movie/1422,https://image.tmdb.org/t/p/w500/nT97ifVT2J1yMQmeq20Qblg61T.jpg,
429,"Il buono, il brutto, il cattivo",23 Desember 1966,8.5,9923,Western,,https://www.themoviedb.org/movie/429,https://image.tmdb.org/t/p/w500/l9OIe8MquM7kFfWrmoXwsLeMfwH.jpg,
564,The Mummy,16 April 1999,6.993,10368,Adventure | Action | Fantasy,,https://www.themoviedb.org/movie/564,https://image.tmdb.org/t/p/w500/yhIsVvcUm7QxzLfT6HW2wLf5ajY.jpg,Legiuner gagah Rick O'Connell menemukan reruntuhan Hamunaptra yang tersembunyi saat berada di tengah pertempuran untuk mengklaim wilayah tersebut di Mesir tahun 1920-an. Sudah lebih dari tiga ribu tahun sejak mantan Imam Besar Imhotep mengalami nasib yang lebih buruk daripada kematian sebagai hukuman atas cinta terlarang—bersama dengan kutukan yang menjamin kehancuran abadi atas dunia jika dia terbangun.
1159559,Scream 7,25 Februari 2026,6.243,1262,Horror | Mystery | Crime,,https://www.themoviedb.org/movie/1159559,https://image.tmdb.org/t/p/w500/jjyuk0edLiW8vOSnlfwWCCLpbh5.jpg,
263115,Logan,28 Februari 2017,7.82,20804,Action | Drama | Science Fiction,,https://www.themoviedb.org/movie/263115,https://image.tmdb.org/t/p/w500/fnbjcRDYn6YviCcePDnGdyAkYsB.jpg,"Pada tahun 2024, Logan (Hugh Jackman) dan Profesor Charles Xavier (Patrick Stewart) harus bertahan tanpa X-Men ketika perusahaan yang dipimpin oleh Nathaniel Essex menghancurkan dunia. Keadaan menjadi semakin rumit dengan kemampuan regenerasi mutan logan yang mulai menghilang dan Xavier yang menderita Alzheimer. Logan harus mengalahkan Nathaniel Essex dengan bantuan seorang anak perempuan bernama Laura Kinney yang merupakan hasil kloning dari Wolverine"
372058,Kimi no Na wa,1 Juli 2016,8.5,12963,Animation | Romance | Drama,,https://www.themoviedb.org/movie/372058,https://image.tmdb.org/t/p/w500/yLglTwyFOUZt5fNKm0PWL1PK5gm.jpg,"Dua remaja, seorang anak laki-laki dari kota Tokyo dan seorang gadis dari pedesaan Jepang, secara misterius mulai bertukar tubuh, menjalin hubungan yang membuat mereka saling mencari satu sama lain."
406563,Insidious: The Last Key,3 Januari 2018,6.279,3269,Horror | Thriller,,https://www.themoviedb.org/movie/406563,https://image.tmdb.org/t/p/w500/6c9ti2JcR3dHyR3qFXoZqVMx0SH.jpg,"Parapsikolog Elise Rainier dan timnya pergi ke Five Keys, NM, untuk menyelidiki klaim seorang pria tentang hantu. Ketakutan segera melanda saat Rainier menyadari bahwa rumah yang ditinggalinya adalah rumah lama keluarganya."
769,GoodFellas,12 September 1990,8.452,14727,Drama | Crime,,https://www.themoviedb.org/movie/769,https://image.tmdb.org/t/p/w500/9OkCLM73MIU2CrKZbqiT8Ln1wY2.jpg,"Mantan mafia, Henry Hill, menceritakan kisah suka dukanya yang penuh warna tapi brutal dalam keluarga kriminal New York. Impian untuk hidup mewah pun jadi mimpi buruk."
572802,Aquaman and the Lost Kingdom,20 Desember 2023,6.502,3653,Action | Adventure | Fantasy,,https://www.themoviedb.org/movie/572802,https://image.tmdb.org/t/p/w500/7lTnXOy0iNtBAdRP3TZvaKJ77F6.jpg,"Black Manta membalas dendam pada Aquaman atas kematian ayahnya. Memegang kekuatan Black Trident, dia menjadi musuh yang tangguh. Untuk membela Atlantis, Aquaman menjalin aliansi dengan saudaranya yang dipenjara. Mereka harus melindungi kerajaan."
419430,Get Out,24 Februari 2017,7.625,19306,Mystery | Thriller | Horror,,https://www.themoviedb.org/movie/419430,https://image.tmdb.org/t/p/w500/tFXcEccSQMf3lfhfXKSU9iRBpa3.jpg,"Chris yang berkulit hitam gelisah saat akan bertemu orang tua kekasihnya yang berkulit putih di kediaman mereka. Mereka nampak ramah, tapi tetap saja membuatnya gentar."
752,V for Vendetta,23 Februari 2006,7.897,15906,Action | Thriller | Science Fiction,,https://www.themoviedb.org/movie/752,https://image.tmdb.org/t/p/w500/piZOwjyk1g51oPHonc7zaQY3WOv.jpg,
71578,Desnudos,22 Oktober 2004,3.833,12,Drama | Romance,,https://www.themoviedb.org/movie/71578,https://image.tmdb.org/t/p/w500/aQxFkCD7InROJiY0NjytLvQI242.jpg,
425,Ice Age,14 Maret 2002,7.4,14600,Animation | Comedy | Family | Adventure,,https://www.themoviedb.org/movie/425,https://image.tmdb.org/t/p/w500/gLhHHZUzeseRXShoDyC4VqLgsNv.jpg,"Dengan datangnya zaman es, tiga makhluk prasejarah yang tidak serasi – Manny si mamut berbulu, Diego si harimau bertaring tajam, dan Sid si kungkang raksasa – menemukan bayi yatim piatu dan memutuskan untuk mengembalikannya kepada orang tua manusianya. Sepanjang perjalanan, sekutu yang tidak diduga itu menjadi teman, tetapi, ketika musuh menyerang, pencarian mereka menjadi jauh lebih mulia."
1266127,Ready or Not: Here I Come,19 Maret 2026,7.6,1596,Horror | Comedy,,https://www.themoviedb.org/movie/1266127,https://image.tmdb.org/t/p/w500/13ZcJzSGEqVgDSqsS9U5EkQwPkV.jpg,
1314826,Yellow Eyes,18 Agustus 2026,4.813,8,Horror,,https://www.themoviedb.org/movie/1314826,https://image.tmdb.org/t/p/w500/tdIqb0g8fimv2bXIEZdWu6Zfywt.jpg,
260514,Cars 3,15 Juni 2017,6.865,6564,Animation | Drama | Family | Adventure,,https://www.themoviedb.org/movie/260514,https://image.tmdb.org/t/p/w500/zg5RDxvIIAKsucjuU2EZJIHEIvz.jpg,"Dikejutkan oleh generasi baru pembalap yang sangat cepat, Lightning McQueen yang legendaris tiba-tiba tersingkir dari olahraga yang dicintainya. Untuk kembali ke permainan, ia akan membutuhkan bantuan seorang teknisi balap muda yang bersemangat dengan rencananya sendiri untuk menang, inspirasi dari mendiang Hudson Hornet yang Luar Biasa, dan beberapa tikungan yang tak terduga. Membuktikan bahwa #95 belum selesai akan menguji hati seorang juara di panggung terbesar Piston Cup Racing!"
603692,John Wick: Chapter 4,21 Maret 2023,7.712,8272,Action | Thriller | Crime,,https://www.themoviedb.org/movie/603692,https://image.tmdb.org/t/p/w500/vZloFAK7NmvMGKE7VkF5UHaz0I.jpg,"John Wick mengungkap jalan untuk mengalahkan The High Table. Tapi sebelum dia bisa mendapatkan kebebasannya, Wick harus berhadapan dengan musuh baru dengan aliansi kuat di seluruh dunia dan kekuatan yang mengubah teman lama menjadi musuh."
311,Once Upon a Time in America,23 Mei 1984,8.374,6196,Drama | Crime,,https://www.themoviedb.org/movie/311,https://image.tmdb.org/t/p/w500/i0enkzsL5dPeneWnjl1fCWm6L7k.jpg,
1613798,Venganza,26 Februari 2026,7.516,307,Action | Thriller,,https://www.themoviedb.org/movie/1613798,https://image.tmdb.org/t/p/w500/ggJGx8fwwy21gEIXYusIlHcUn8z.jpg,
122917,The Hobbit: The Battle of the Five Armies,10 Desember 2014,7.338,15724,Action | Adventure | Fantasy,,https://www.themoviedb.org/movie/122917,https://image.tmdb.org/t/p/w500/xT98tLqatZPQApyRmlPL12LtiWp.jpg,"Segera setelah peristiwa The Desolation of Smaug, Bilbo dan para kurcaci mencoba mempertahankan gunung harta karun Erebor dari orang lain yang mengklaimnya: orang-orang dari Laketown yang hancur dan para elf dari Mirkwood. Sementara itu pasukan Orc yang dipimpin oleh Azog the Defiler bergerak menuju Erebor, didorong oleh kebangkitan penguasa kegelapan Sauron. Kurcaci, elf, dan manusia harus bersatu, dan harapan akan Dunia Tengah jatuh ke tangan Bilbo."
285,Pirates of the Caribbean: At World's End,19 Mei 2007,7.277,15799,Adventure | Fantasy | Action,,https://www.themoviedb.org/movie/285,https://image.tmdb.org/t/p/w500/jGWpG4YhpQwVmjyHEGkxEkeRf0S.jpg,"Kapten Barbossa, yang telah lama diyakini sudah mati, telah hidup kembali dan menuju ke tepi Bumi bersama Will Turner dan Elizabeth Swann. Tapi tidak ada yang seperti yang terlihat."
214756,Ted 2,25 Juni 2015,6.326,8151,Comedy | Fantasy,,https://www.themoviedb.org/movie/214756,https://image.tmdb.org/t/p/w500/38C91I7Xft0gyY7BITm8i4yvuRb.jpg,"Ted 2 adalah sebuah film komedi Amerika yang akan hadir yang disutradarai oleh Seth MacFarlane dan ditulis oleh MacFarlane, Alec Sulkin dan Wellesley Wild. Film tersebut adalah sekuel dari film 2012 karya MacFarlane yang berjudul Ted."
1398655,Blue Film,8 Mei 2026,7.4,14,Drama,,https://www.themoviedb.org/movie/1398655,https://image.tmdb.org/t/p/w500/7yqMtaRMPgntGcDtYySv7XfTsDB.jpg,
72190,World War Z,19 Juni 2013,6.85,17012,Action | Horror | Science Fiction,,https://www.themoviedb.org/movie/72190,https://image.tmdb.org/t/p/w500/aCnVdvExw6UWSeQfr0tUH3jr4qG.jpg,
1124,The Prestige,19 Oktober 2006,8.211,18090,Drama | Mystery | Science Fiction,,https://www.themoviedb.org/movie/1124,https://image.tmdb.org/t/p/w500/Ag2B2KHKQPukjH7WutmgnnSNurZ.jpg,
1032863,The Love Hypothesis,23 September 2026,0,0,Romance | Comedy,,https://www.themoviedb.org/movie/1032863,https://image.tmdb.org/t/p/w500/bnn47z3aomUHiEjKwaR5ynQtm6e.jpg,
293660,Deadpool,9 Februari 2016,7.626,33260,Action | Adventure | Comedy,,https://www.themoviedb.org/movie/293660,https://image.tmdb.org/t/p/w500/3E53WEZJqP6aM84D8CckXx4pIHw.jpg,"Film action berjudul “Deadpool” ini merupakan film yang bercerita tentang seorang pria yang berprofesi sebagai tentara bayaran bernama Wade Wilson ( Ryan Reynolds ). Wade yang sedang mengalami sakit sekarat karena kanker dan mendapatkan sebuah tawaran untuk percobaan perubahan genetik di mana bisa mengubah dirinya dan menjadi seorang superhero. Karena penyakit yang dideritanya, Wade akhirnya memutuskan untuk melakukan percobaan tersebut. Percobaan tersebut akhirnya membuat diri Wade berubah drastis dan menjadi seorang superhero yang dijuluki dengan Deadpool."
2062,Ratatouille,28 Juni 2007,7.846,18907,Animation | Comedy | Family | Fantasy,,https://www.themoviedb.org/movie/2062,https://image.tmdb.org/t/p/w500/t3vaWRPSf6WjDSamIkKDs1iQWna.jpg,
3933,Corpse Bride,12 September 2005,7.6,10404,Romance | Fantasy | Animation,,https://www.themoviedb.org/movie/3933,https://image.tmdb.org/t/p/w500/3RAoVTxUk1OzZClscAsynuu670p.jpg,"Aksinya berlangsung di sebuah desa Eropa pada abad ke-19. Tokoh utama, seorang pemuda bernama Victor, diseret ke dunia bawah oleh kekuatan kegelapan dan dinikahkan di sana dengan Pengantin Mayat yang misterius, sementara pengantin perempuannya yang sebenarnya, Victoria, menanti pengantin prianya di dunia orang hidup. Meskipun kenyataan bahwa tinggal di Kerajaan Orang Mati ternyata jauh lebih menarik daripada gaya hidup Victoria yang biasa ia jalani, Victor memahami bahwa ia tidak akan menukar satu-satunya cintanya dengan apa pun di dunia alternatif mana pun..."
1242265,Fuze,23 Maret 2026,7.187,378,Action | Crime | Thriller,,https://www.themoviedb.org/movie/1242265,https://image.tmdb.org/t/p/w500/oMFdQE5hMJ9JjhNORegwTo0GKmh.jpg,
939243,Sonic the Hedgehog 3,19 Desember 2024,7.6,3451,Action | Science Fiction | Comedy | Family,,https://www.themoviedb.org/movie/939243,https://image.tmdb.org/t/p/w500/d8Ryb8AunYAuycVKDp5HpdWPKgC.jpg,"Sonic, Knuckles, dan Tails bersatu kembali melawan musuh baru yang kuat, Shadow, penjahat misterius dengan kekuatan yang belum pernah mereka hadapi sebelumnya. Dengan kemampuan mereka yang tak tertandingi dalam segala hal, Tim Sonic harus mencari aliansi yang tidak terduga dengan harapan dapat menghentikan Shadow dan melindungi planet ini."
1479832,டிசி,7 Agustus 2026,7.8,18,Romance | Action | Drama,,https://www.themoviedb.org/movie/1479832,https://image.tmdb.org/t/p/w500/cB6ZAWK70cR5HVnGK6BaCr8W4FH.jpg,
436270,Black Adam,19 Oktober 2022,6.77,7237,Action | Adventure | Science Fiction,,https://www.themoviedb.org/movie/436270,https://image.tmdb.org/t/p/w500/A5imhXiFF3AL9RRA4FBzNDFmfgW.jpg,"Hampir 5.000 tahun setelah dia dianugerahi kekuatan maha kuasa para dewa Mesir—dan dipenjara dengan cepat—Black Adam dibebaskan dari makam duniawinya, siap untuk melepaskan bentuk keadilannya yang unik di dunia modern."
637649,Wrath of Man,22 April 2021,7.571,6285,Thriller | Crime | Drama,,https://www.themoviedb.org/movie/637649,https://image.tmdb.org/t/p/w500/M7SUK85sKjaStg4TKhlAVyGlz3.jpg,"Wrath of Man bercerita tentang seorang pria bernama H (Jason Statham), yang bekerja di perusahaan truk tunai dengan tanggung jawab memindahkan uang dengan jumlah banyak di sekitar Los Angeles, setiap minggu. H merupakan pria yang misterius.  H adalah anggota baru dalam perusahaan tersebut. Suatu hari, H berhadapan dengan para perampok yang menghadang mobil truk berisi uang dalam jumlah banyak. Karena kemampuan yang dimilikinya, H mampu mengalahkan para perampok tersebut seorang diri.  Keberhasilan H sebagai anggota baru mendapat apresiasi dari rekan-rekannya. Namun ternyata, H sedang mencari orang-orang yang telah membunuh putranya dalam tragedi perampokan yang sama. Maka dari itu, H bergabung dengan perusahaan truk tunai karena ingin melancarkan tujuannya."
11036,The Notebook,25 Juni 2004,7.89,12843,Romance | Drama,,https://www.themoviedb.org/movie/11036,https://image.tmdb.org/t/p/w500/rNzQyW4f8B8cQeg7Dgj3n6eT5k9.jpg,
16869,Inglourious Basterds,2 Agustus 2009,8.217,24723,Drama | Thriller | War,,https://www.themoviedb.org/movie/16869,https://image.tmdb.org/t/p/w500/aupnPtagH9JVBuMrGEanf4iqXEQ.jpg,
578,Jaws,20 Juni 1975,7.685,11837,Horror | Thriller | Adventure,,https://www.themoviedb.org/movie/578,https://image.tmdb.org/t/p/w500/lxM6kqilAdpdhqUl2biYp5frUxE.jpg,
841,Dune,14 Desember 1984,6.198,3535,Action | Science Fiction | Adventure,,https://www.themoviedb.org/movie/841,https://image.tmdb.org/t/p/w500/4kJmUCE7mkVJjXa7A0g2rY4IGTm.jpg,
679,Aliens,18 Juli 1986,8,11161,Action | Thriller | Science Fiction,,https://www.themoviedb.org/movie/679,https://image.tmdb.org/t/p/w500/r1x5JGpyqZU8PYhbs4UcrO1Xb6x.jpg,
539972,Kraven the Hunter,11 Desember 2024,6.412,2484,Action | Adventure | Thriller,,https://www.themoviedb.org/movie/539972,https://image.tmdb.org/t/p/w500/1GvBhRxY6MELDfxFrete6BNhBB5.jpg,"Hubungan rumit Kraven Kravinoff dengan ayahnya yang kejam, Nikolai, membawanya ke jalan penuh dendam dengan konsekuensi brutal. Hal ini mendorongnya untuk menjadi bukan hanya pemburu terhebat di dunia, tetapi juga salah satu yang paling ditakuti."
272,Batman Begins,10 Juni 2005,7.729,23137,Drama | Crime | Action,,https://www.themoviedb.org/movie/272,https://image.tmdb.org/t/p/w500/sPX89Td70IDDjVr85jdSBb4rWGr.jpg,
489,Good Will Hunting,5 Desember 1997,8.166,14275,Drama,,https://www.themoviedb.org/movie/489,https://image.tmdb.org/t/p/w500/z2FnLKpFi1HPO7BEJxdkv6hpJSU.jpg,
9502,Kung Fu Panda,4 Juni 2008,7.337,12972,Action | Animation | Comedy | Family,,https://www.themoviedb.org/movie/9502,https://image.tmdb.org/t/p/w500/wWt4JYXTg5Wr3xBW2phBrMKgp3x.jpg,"Saat Lembah Perdamaian terancam, Po si panda pemalas menemukan takdirnya sebagai ""yang terpilih"" dan berlatih untuk menjadi pahlawan kung fu."
91586,Insidious: Chapter 2,12 September 2013,6.7,4740,Horror | Thriller,,https://www.themoviedb.org/movie/91586,https://image.tmdb.org/t/p/w500/w5JjiB3O1CLDXbTJe1QpU5RHmlU.jpg,Keluarga Lambert yang dihantui berusaha mengungkap rahasia masa kecil misterius yang telah membuat mereka terhubung secara berbahaya dengan dunia roh.
911835,숙모,28 Juli 2021,5.7,3,Romance,,https://www.themoviedb.org/movie/911835,https://image.tmdb.org/t/p/w500/zTZqwdxVPs0Qmx4gVejnWWdmudD.jpg,
131631,The Hunger Games: Mockingjay - Part 1,19 November 2014,6.816,16976,Science Fiction | Adventure | Thriller,,https://www.themoviedb.org/movie/131631,https://image.tmdb.org/t/p/w500/4FAA18ZIja70d1Tu5hr5cj2q1sB.jpg,"Katniss, yang kembali ke Distrik 13 setelah menghancurkan Hunger Games, dengan berat hati menjadi ikon gelombang pemberontakan melawan Capitol."
1729723,Yellow Mirror,26 Agustus 2026,8.157,51,Animation | Comedy | Science Fiction,,https://www.themoviedb.org/movie/1729723,https://image.tmdb.org/t/p/w500/1zdGvJAuuXC7dA3eV61OtUJNyjQ.jpg,
329865,Arrival,10 November 2016,7.6,19831,Drama | Science Fiction | Mystery,,https://www.themoviedb.org/movie/329865,https://image.tmdb.org/t/p/w500/pEzNVQfdzYDzVK0XqxERIw2x2se.jpg,"Film ini diadaptasi dari novel berjudul sama karya Ted Chiang. Cerita aslinya berputar pada peristiwa mendaratnya alien di seluruh dunia. Dari peristiwa itu, seorang ahli bahasa (Amy Adams) direkrut oleh pemerintah AS untuk mengetahui niat dari kedatangan alien tersebut di Bumi. Saat dia berusaha untuk berkomunikasi dengan alien tersebut, dia menemukan rahasia yang menjadi kunci untuk membuka misteri besar tentang tujuan sebenarnya dari kunjungan mereka."
1318621,Descendants: Wicked Wonderland,16 Juli 2026,7.5,176,Fantasy | TV Movie | Family | Adventure,,https://www.themoviedb.org/movie/1318621,https://image.tmdb.org/t/p/w500/xdhLAADGSse8KCrsDLBuM5b68Cg.jpg,
396535,Train to Busan,20 Juli 2016,7.748,8702,Action | Horror | Thriller | Adventure,,https://www.themoviedb.org/movie/396535,https://image.tmdb.org/t/p/w500/6XvEZVBFFjybvb1yQd1qfOC6F2S.jpg,"Saat wabah zombi meledak, seorang ayah dan putrinya menempuh perjalanan yang menegangkan dengan kereta api untuk mencapai satu-satunya kota yang masih aman."
281957,The Revenant,25 Desember 2015,7.541,19678,Western | Drama | Adventure,,https://www.themoviedb.org/movie/281957,https://image.tmdb.org/t/p/w500/ji3ecJphATlVgWNY0B0RVXZizdf.jpg,"Film yang bercerita mengenai tahun 1820an di mana seorang pemburu bernama Hugh Glass bersama timnya yang sedang melakukan sebuah petualangan perburuan serta penyelamatan yang sangat luar biasa dari sebuah semangat manusia. Hugh Glass yang diserang brutal oleh seekor beruang grizzly hingga sekarat dan ditinggalkan oleh timnya. Dengan upaya untuk tetap bertahan hidup, Hugh harus bertahan hidup secara ekstrim serta membuat perhitungan karena telah dikhianati oleh timnya."
615457,Nobody,18 Maret 2021,7.864,8674,Action | Thriller,,https://www.themoviedb.org/movie/615457,https://image.tmdb.org/t/p/w500/oBgWY00bEFeZ9N25wWVyuQddbAo.jpg,"Hutch Mansell, seorang ayah di pinggiran kota, suami yang terlantar, tidak ada tetangga - ""bukan siapa-siapa"". Ketika dua pencuri masuk ke rumahnya pada suatu malam, kemarahan Hutch yang tidak diketahui sejak lama menyala dan mendorongnya ke jalur brutal yang akan mengungkap rahasia gelap yang dia perjuangkan untuk ditinggalkan."
1391021,欢迎来龙餐馆,8 Agustus 2026,9.143,35,Drama | War,,https://www.themoviedb.org/movie/1391021,https://image.tmdb.org/t/p/w500/2OJX7udqqpk5c82pXXdL2hnny0D.jpg,
246655,X-Men: Apocalypse,18 Mei 2016,6.527,14082,Science Fiction | Fantasy | Action,,https://www.themoviedb.org/movie/246655,https://image.tmdb.org/t/p/w500/ikA8UhYdTGpqbatFa93nIf6noSr.jpg,"Setelah kemunculan kembali mutan pertama di dunia, penghancur dunia Apocalypse, X-Men harus bersatu untuk mengalahkan rencananya untuk memusnahkan dunia."
1489543,ஜி.டி.என்,7 Agustus 2026,0,0,Drama,,https://www.themoviedb.org/movie/1489543,https://image.tmdb.org/t/p/w500/f4CJS8MgxHalhCNQQCoHNN7wD0b.jpg,
1608457,누나 친구 4,16 Desember 2024,0,0,Romance,,https://www.themoviedb.org/movie/1608457,https://image.tmdb.org/t/p/w500/zzK8AKJywLRwooQNhJOV9iR7mjA.jpg,
73861,Srpski film,6 Januari 2010,5.445,2265,Crime | Horror | Thriller,,https://www.themoviedb.org/movie/73861,https://image.tmdb.org/t/p/w500/qT312t40YmlOSsOXOoOLDCvRbPx.jpg,
377670,Chapo: El Escape Del Siglo,15 Januari 2016,5.5,31,Thriller | Action | Adventure | Crime,,https://www.themoviedb.org/movie/377670,https://image.tmdb.org/t/p/w500/khAED7ox0Dfk4Ef5LAf6jPEe4oy.jpg,
786892,Furiosa: A Mad Max Saga,22 Mei 2024,7.444,5168,Action | Science Fiction | Adventure,,https://www.themoviedb.org/movie/786892,https://image.tmdb.org/t/p/w500/vjyrLHDKNWBUFQitdUemYfMrr8T.jpg,
81774,Les Exploits d'un jeune Don Juan,4 November 1986,6.15,334,Comedy | Drama,,https://www.themoviedb.org/movie/81774,https://image.tmdb.org/t/p/w500/jp8LYiQzEoUuMqu2lGSZZ1A4Nsf.jpg,
549509,The Brutalist,20 Desember 2024,6.928,1800,Drama,,https://www.themoviedb.org/movie/549509,https://image.tmdb.org/t/p/w500/tcWp5CsnZnNyUXk28JcXy7XlSmw.jpg,
1567937,空枪,19 Agustus 2026,5.667,6,Drama | Crime,,https://www.themoviedb.org/movie/1567937,https://image.tmdb.org/t/p/w500/rNqQQ3hFknhKpy8OTyGfzk7FY20.jpg,
102899,Ant-Man,14 Juli 2015,7.067,21214,Science Fiction | Adventure | Action,,https://www.themoviedb.org/movie/102899,https://image.tmdb.org/t/p/w500/rQRnQfUl3kfp78nCWq8Ks04vnq1.jpg,
14097,9 рота,19 September 2005,6.656,320,War | Drama | History,,https://www.themoviedb.org/movie/14097,https://image.tmdb.org/t/p/w500/hLrQ1BrEe35mKW9MJdnXXuVsfZr.jpg,
1100988,28 Years Later,18 Juni 2025,6.604,2931,Horror | Thriller | Science Fiction,,https://www.themoviedb.org/movie/1100988,https://image.tmdb.org/t/p/w500/n5FygjEppOvac6yEaowi26nTyw3.jpg,
301528,Toy Story 4,19 Juni 2019,7.463,10958,Family | Comedy | Animation | Adventure,,https://www.themoviedb.org/movie/301528,https://image.tmdb.org/t/p/w500/w9kR8qbmQ01HwnvK4alvnQ2ca0L.jpg,"Woody selalu yakin tentang tempatnya di dunia dan bahwa prioritasnya adalah merawat anaknya, apakah itu Andy atau Bonnie. Tetapi ketika Bonnie menambahkan mainan baru yang enggan disebut ""Forky"" ke kamarnya, petualangan perjalanan bersama teman-teman lama dan baru akan menunjukkan kepada Woody seberapa besar dunia untuk sebuah mainan."
1284046,Onslaught,2 September 2026,6.382,17,Action | Thriller | Horror,,https://www.themoviedb.org/movie/1284046,https://image.tmdb.org/t/p/w500/cOGtvhc6Ij9KvzM6jZsfQyg0B0O.jpg,
546554,Knives Out,27 November 2019,7.843,14458,Comedy | Crime | Mystery,,https://www.themoviedb.org/movie/546554,https://image.tmdb.org/t/p/w500/pThyQovXQrw2m0s9x82twj48Jq4.jpg,Seorang detektif mengungkap rangkaian rahasia dan kebohongan rumit yang menyelimuti kematian seorang penulis novel kriminal ternama dan keluarganya yang eksentrik.
855,Black Hawk Down,28 Desember 2001,7.399,6573,Action | War | History,,https://www.themoviedb.org/movie/855,https://image.tmdb.org/t/p/w500/7fU5dSqKRL4XHeEUz62rCKBfYok.jpg,"Ketika pasukan AS berupaya menangkap dua bawahan panglima perang Somalia, helikopter mereka ditembak jatuh dan banyak korban berjatuhan dari pihak Amerika."
1318413,Pressure,28 Mei 2026,7.753,359,Thriller | History | War | Drama,,https://www.themoviedb.org/movie/1318413,https://image.tmdb.org/t/p/w500/gFjEggtrejCN79r6SXRjM269OtG.jpg,
1698856,Master of the Universe,22 Mei 2026,5.117,81,Science Fiction | Action | Fantasy,,https://www.themoviedb.org/movie/1698856,https://image.tmdb.org/t/p/w500/a77OcLmarwiBJakOPPC36m58t4L.jpg,
38757,Tangled,24 November 2010,7.616,12681,Animation | Family | Adventure,,https://www.themoviedb.org/movie/38757,https://image.tmdb.org/t/p/w500/ym7Kst6a4uodryxqbGOxmewF235.jpg,
1525963,채무자의 아내,26 Desember 2024,0,0,,,https://www.themoviedb.org/movie/1525963,https://image.tmdb.org/t/p/w500/ouXTrnJBimHIhWIUlHARDJH47no.jpg,
1483525,가능한 사랑,23 September 2026,0,0,Drama,,https://www.themoviedb.org/movie/1483525,https://image.tmdb.org/t/p/w500/7UAzxqezg5yvZyK3k62wOAzg0Zs.jpg,
497698,Black Widow,7 Juli 2021,7.151,11590,Action | Adventure | Science Fiction,,https://www.themoviedb.org/movie/497698,https://image.tmdb.org/t/p/w500/qAZ0pzat24kLdO3o8ejmbLxyOac.jpg,"Dalam film ini akan diceritakan tentang Natasha Romanoff dan Yelena Belova yang merupakan saudara. Pada tahun 1995, saat Natasha dan Yelena masih muda, mereka dibawa pergi oleh orang tua pengganti mereka—Alexei Shostakov yang merupakan seorang tentara atau dikenal sebagai Red Guardian dan Melina Vostokoff sebagai agen rahasia serta mantan Black Widow. Keduanya merupakan agen rahasia yang menyamar sebagai pasangan suami istri untuk menjalankan misi. Mereka kabur dari rumahnya di Ohio setelah menyelesaikan misi mereka. Mereka melarikan diri ke Kuba, kemudian Natasha dan Yelena ditempatkan di Red Room yang merupakan kamp pelatihan rahasia Soviet untuk pelatihan lebih lanjut sebagai agen rahasia dan pembunuh untuk program rahasia KGB. Selain dilatih sebagai agen rahasia dan pembunuh,"
1865,Pirates of the Caribbean: On Stranger Tides,15 Mei 2011,6.573,15224,Adventure | Action | Fantasy,,https://www.themoviedb.org/movie/1865,https://image.tmdb.org/t/p/w500/keGfSvCmYj7CvdRx36OdVrAEibE.jpg,"Jack Sparrow dan Barbossa memulai pencarian untuk menemukan air mancur awet muda yang sulit dipahami, hanya untuk menemukan bahwa Blackbeard dan putrinya juga mengejarnya."
1368314,Passenger,20 Mei 2026,7.315,843,Horror | Thriller,,https://www.themoviedb.org/movie/1368314,https://image.tmdb.org/t/p/w500/2sOEJzhPzjTkZSlPbGxOJ7xgIyS.jpg,
801335,Girl in the Basement,27 Februari 2021,7.575,889,Thriller | Crime | TV Movie,,https://www.themoviedb.org/movie/801335,https://image.tmdb.org/t/p/w500/tPP9n6r5QrIKPnshnJqE7klptj2.jpg,
216015,Fifty Shades of Grey,11 Februari 2015,5.859,12540,Drama | Romance | Thriller,,https://www.themoviedb.org/movie/216015,https://image.tmdb.org/t/p/w500/63kGofUkt1Mx0SIL4XI4Z5AoSgt.jpg,"Fifty Shades of Grey adalah sebuah film drama romantis/erotis Amerika Serikat yang disutradarai oleh Sam Taylor-Johnson dan skenarionya ditulis oleh Kelly Marcel. Berdasarkan pada novel laris karya E.L James dengan judul yang sama, film ini dibintangi oleh Jamie Dornan dan Dakota Johnson."
508439,Onward,29 Februari 2020,7.633,6688,Adventure | Animation | Comedy | Family | Fantasy,,https://www.themoviedb.org/movie/508439,https://image.tmdb.org/t/p/w500/f4aul3FyD3jv3v4bul1IrkWZvzq.jpg,"Dua peri remaja, Ian dan Barley Lightfoot pergi ke tempat-tempat magis demi bisa berjumpa dengan sang ayah walau cuma sehari. Mereka juga mencari jawaban atas keresahan warga apakah masih ada kekuatan magis di dunia."
192139,The Brink of War,13 Agustus 2026,7.05,20,Drama | History,,https://www.themoviedb.org/movie/192139,https://image.tmdb.org/t/p/w500/vCIQeQ2ynVqEjIvtbOXGnKtcgAX.jpg,
405871,令嬢肉奴隷,24 Agustus 1985,5.571,21,Drama,,https://www.themoviedb.org/movie/405871,https://image.tmdb.org/t/p/w500/ksl1d50FUHaqNuNnmHSNdPrYyYl.jpg,
170,28 Days Later,31 Oktober 2002,7.246,8854,Horror | Thriller | Science Fiction,,https://www.themoviedb.org/movie/170,https://image.tmdb.org/t/p/w500/sQckQRt17VaWbo39GIu0TMOiszq.jpg,
39254,Real Steel,28 September 2011,7.141,9522,Action | Science Fiction | Drama,,https://www.themoviedb.org/movie/39254,https://image.tmdb.org/t/p/w500/4GIeI5K5YdDUkR3mNQBoScpSFEf.jpg,
423,The Pianist,17 September 2002,8.371,10420,Drama | War,,https://www.themoviedb.org/movie/423,https://image.tmdb.org/t/p/w500/2hFvxCCWrTmCYwfy7yum0GKRi3Y.jpg,
640,Catch Me If You Can,16 Desember 2002,7.977,17520,Drama | Crime,,https://www.themoviedb.org/movie/640,https://image.tmdb.org/t/p/w500/ctjEj2xM32OvBXCq8zAdK3ZrsAj.jpg,"Kisah nyata Frank Abagnale Jr. yang, sebelum ulang tahunnya yang ke 19, berhasil menipu cek senilai jutaan dolar sebagai pilot, dokter, dan jaksa Pan Am."
629542,The Bad Guys,17 Maret 2022,7.5,2671,Action | Adventure | Animation | Comedy | Crime | Family,,https://www.themoviedb.org/movie/629542,https://image.tmdb.org/t/p/w500/6fcFmdVLCCbf1gFt8HlC6BRj8pt.jpg,"Setelah gagal merampok, seekor serigala lihai dan kru hewan kaki tangannya yang terkenal sepakat untuk—atau setidaknya mencoba—jadi warga teladan."
11544,Lilo & Stitch,21 Juni 2002,7.559,7231,Animation | Family | Comedy | Science Fiction,,https://www.themoviedb.org/movie/11544,https://image.tmdb.org/t/p/w500/cFuLvQJPoZpuruAtN3rVnMmLIH8.jpg,
1038392,The Conjuring: Last Rites,3 September 2025,6.948,2105,Horror,,https://www.themoviedb.org/movie/1038392,https://image.tmdb.org/t/p/w500/byWgphT74ClOVa8EOGzYDkl8DVL.jpg,
562,Die hard,15 Juli 1988,7.816,12614,Action | Thriller,,https://www.themoviedb.org/movie/562,https://image.tmdb.org/t/p/w500/7Bjd8kfmDSOzpmhySpEhkUyK2oH.jpg,"Rencana polisi NYPD John McClane untuk berdamai dengan istrinya yang terasing dilemparkan ke lingkaran serius ketika, beberapa menit setelah dia tiba di kantornya, seluruh bangunan diambil alih oleh sekelompok teroris. Dengan sedikit bantuan dari LAPD, McClane yang licik berangkat untuk menyelamatkan para sandera seorang diri dan menjatuhkan orang-orang jahat itu."
27375,Salesman,17 April 1969,7.2,102,Documentary,,https://www.themoviedb.org/movie/27375,https://image.tmdb.org/t/p/w500/gQhe7uWygmAiQ6HNA7Jeys4wdbk.jpg,
345,Eyes Wide Shut,16 Juli 1999,7.484,7275,Drama | Thriller | Mystery,,https://www.themoviedb.org/movie/345,https://image.tmdb.org/t/p/w500/knEIz1eNGl5MQDbrEAVWA7iRqF9.jpg,"Terpuruk setelah ada pengakuan mengejutkan dari sang istri, seorang dokter kelas atas New York City memulai petualangan sepanjang malam di dunia bawah tanah yang erotis."
1598766,クレヨンしんちゃん 奇々怪々！オラの妖怪バケ～ション,31 Juli 2026,0,0,Adventure | Animation | Comedy,,https://www.themoviedb.org/movie/1598766,https://image.tmdb.org/t/p/w500/15iwqqJVgFfeFh4Y1f8gg9yi2Fw.jpg,
146233,Prisoners,19 September 2013,8.105,13471,Drama | Thriller | Crime,,https://www.themoviedb.org/movie/146233,https://image.tmdb.org/t/p/w500/uhviyknTT5cEQXbn6vWIqfM4vGm.jpg,"Setelah putrinya yang masih kecil dan kawannya si putri hilang, ayah yang putus asa ini bentrok dengan sang detektif soal kasusnya lalu menangani urusan itu sendiri."
10191,How to Train Your Dragon,18 Maret 2010,7.866,14699,Fantasy | Adventure | Animation | Family,,https://www.themoviedb.org/movie/10191,https://image.tmdb.org/t/p/w500/ygGmAO60t8GyqUo9xYeYxSZAR3b.jpg,
741110,L'Enfant rêvé,7 Oktober 2020,5.6,28,Drama | Romance,,https://www.themoviedb.org/movie/741110,https://image.tmdb.org/t/p/w500/mdLNmqIehGximKCHZre65hCcYxb.jpg,
103,Taxi Driver,9 Februari 1976,8.121,13762,Crime | Drama,,https://www.themoviedb.org/movie/103,https://image.tmdb.org/t/p/w500/ekstpH614fwDX8DUln1a2Opz0N8.jpg,
324552,John Wick: Chapter 2,8 Februari 2017,7.345,14591,Action | Thriller | Crime,,https://www.themoviedb.org/movie/324552,https://image.tmdb.org/t/p/w500/hXWBc0ioZP3cN4zCu6SN3YHXZVO.jpg,"Berlanjut dari film John Wick yang pertama, film ini kembali menampilkan Keanu Reeves sebagai pensiunan pembunuh bayaran, John Wick yang kembali beraksi. Kali ini John harus harus menghadapi krisis identitas yang mempertanyakan jati dirinya sebagai seorang suami yang bersedih atas kematian istrinya atau seorang pembunuh bayaran internasional tanpa belas kasihan."
215935,בית לחם,26 September 2013,6.236,36,Drama | Thriller,,https://www.themoviedb.org/movie/215935,https://image.tmdb.org/t/p/w500/8xNgB8okur3Lc1OHVP9MVoEEI9D.jpg,
259693,The Conjuring 2,8 Juni 2016,7.295,9388,Horror,,https://www.themoviedb.org/movie/259693,https://image.tmdb.org/t/p/w500/zEqyD0SBt6HL7W9JQoWwtd5Do1T.jpg,
574475,Final Destination Bloodlines,14 Mei 2025,7.03,3096,Horror | Mystery,,https://www.themoviedb.org/movie/574475,https://image.tmdb.org/t/p/w500/bNn1WyEC8tXK2HucphV87MMLxNQ.jpg,
1305781,镖人：风起大漠,17 Februari 2026,8.196,225,Action | Adventure | Drama | Western,,https://www.themoviedb.org/movie/1305781,https://image.tmdb.org/t/p/w500/ki0ilBYgbOZKUuE1NN53FYWK9zQ.jpg,
566525,Shang-Chi dan Legenda Sepuluh Cincin,1 September 2021,7.484,10710,Action | Adventure | Fantasy,,https://www.themoviedb.org/movie/566525,https://image.tmdb.org/t/p/w500/9f2Q0U3IOsLgrI2HkvldwSABZy5.jpg,"Shang-Chi harus menghadapi masa lalu yang dia pikir telah di lupakan dan menghadapi ayahnya, pimpinan organisasi Sepuluh Cincin yang berbahaya."
75780,Jack Reacher,20 Desember 2012,6.678,7846,Crime | Drama | Thriller | Action,,https://www.themoviedb.org/movie/75780,https://image.tmdb.org/t/p/w500/uQBbjrLVsUibWxNDGA4Czzo8lwz.jpg,Polisi menahan penembak jitu yang meminta bantuan mantan penyelidik militer Reacher. Penyelidikan Reacher dan si pengacara justru mengungkap sebuah konspirasi.
1306368,The Rip,13 Januari 2026,7.088,1915,Action | Thriller | Crime,,https://www.themoviedb.org/movie/1306368,https://image.tmdb.org/t/p/w500/4wsYWH73Hb1B6noGIFaRQSAkuXj.jpg,"Kepercayaan terkikis ketika tim polisi Miami menemukan jutaan dolar uang tunai di rumah penyimpanan kumuh, membuat semua orang—dan semua hal—dipertanyakan."
949,Heat,15 Desember 1995,7.943,8658,Crime | Drama | Action,,https://www.themoviedb.org/movie/949,https://image.tmdb.org/t/p/w500/umSVjVdbVwtx5ryCA2QXL44Durm.jpg,
1119449,"Good Luck, Have Fun, Don't Die",13 Februari 2026,7.1,984,Science Fiction | Action | Comedy,,https://www.themoviedb.org/movie/1119449,https://image.tmdb.org/t/p/w500/af7yguGbWQyvYtk6QCD5l4yBbKN.jpg,
10625,Mean Girls,30 April 2004,7.2,9649,Drama | Comedy,,https://www.themoviedb.org/movie/10625,https://image.tmdb.org/t/p/w500/2ZkuQXvVhh45uSvkBej4S7Ix1NJ.jpg,
744,Top Gun,16 Mei 1986,7.072,9886,Action | Drama | Romance,,https://www.themoviedb.org/movie/744,https://image.tmdb.org/t/p/w500/xUuHj3CgmZQ9P2cMaqQs4J0d4Zc.jpg,"Bagi Letnan Pete 'Maverick' Mitchell dan temannya serta co-pilot Nick 'Goose' Bradshaw, diterima di sekolah pelatihan elit untuk pilot pesawat tempur adalah mimpi yang menjadi kenyataan. Tapi sebuah tragedi, serta setan pribadi, akan mengancam impian Pete untuk menjadi pilot ace."
629,The Usual Suspects,19 Juli 1995,8.164,11718,Drama | Crime | Thriller,,https://www.themoviedb.org/movie/629,https://image.tmdb.org/t/p/w500/99X2SgyFunJFXGAYnDv3sb9pnUD.jpg,
78,Blade Runner,25 Juni 1982,7.936,15374,Science Fiction | Drama | Thriller,,https://www.themoviedb.org/movie/78,https://image.tmdb.org/t/p/w500/63N9uy8nd9j7Eog2axPQ8lbr3Wj.jpg,
520360,King of Thieves,4 September 2018,5.558,467,Crime | Drama,,https://www.themoviedb.org/movie/520360,https://image.tmdb.org/t/p/w500/rtfS7y2XQ0vjTrm6khq508N0Ehk.jpg,
545611,Everything Everywhere All at Once,24 Maret 2022,7.708,8373,Action | Adventure | Science Fiction,,https://www.themoviedb.org/movie/545611,https://image.tmdb.org/t/p/w500/u68AjlvlutfEIcpmbYpKcdi09ut.jpg,"Everything Everywhere All at Once menceritakan seorang warga Amerika keturunan China bernama Evelyn Wang. Ia dan suaminya menjalankan usaha laundry hingga akhirnya didatangi oleh agen IRS. Di tengah keterpurukan itu, Waymond mencoba menceraikan Evelyn."
744275,After We Fell,1 September 2021,6.997,2778,Drama | Romance,,https://www.themoviedb.org/movie/744275,https://image.tmdb.org/t/p/w500/dU4HfnTEJDf9KvxGS9hgO7BVeju.jpg,"Tepat ketika Tessa membuat keputusan terbesar dalam hidupnya, segalanya berubah. Penemuan baru tentang keluarganya, dan keluarga Hardin, semua yang mereka ketahui dalam hidup dan membuat masa depan yang mereka perjuangkan semakin sulit untuk dicapai."
402431,Wicked,16 Oktober 2024,6.906,3227,Drama | Romance | Fantasy,,https://www.themoviedb.org/movie/402431,https://image.tmdb.org/t/p/w500/xDGbZ0JJ3mYaGKy4Nzd9Kph6M9L.jpg,"Di negeri Oz, Elphaba yang berkulit hijau, dikucilkan dan disalahpahami, terpaksa berbagi kamar dengan bangsawan populer Glinda di Universitas Shiz, dan persahabatan mereka yang tidak lazim diuji saat mereka mulai memenuhi takdir masing-masing sebagai Glinda si Baik dan Penyihir Jahat dari Barat."
1719326,The Cheating Wife,26 Juni 2026,4.333,3,Drama,,https://www.themoviedb.org/movie/1719326,https://image.tmdb.org/t/p/w500/3KVI4XvSTnGeUf5UriMN12uw4qj.jpg,
1198994,meminta bantuan,22 Januari 2026,7,2268,Horror | Thriller | Comedy,,https://www.themoviedb.org/movie/1198994,https://image.tmdb.org/t/p/w500/zbJWVHOtj3ljBzWgL1P8pxP03Up.jpg,
845781,Red One,31 Oktober 2024,6.958,3152,Action | Adventure | Comedy | Fantasy,,https://www.themoviedb.org/movie/845781,https://image.tmdb.org/t/p/w500/kWZqgOp3QsVx3I3LDIRf5UFZUP.jpg,"Setelah Santa Claus (kode nama: Red One) diculik, Kepala Keamanan Kutub Utara harus bekerja sama dengan pelacak paling terkenal di dunia dalam misi penuh aksi yang membawa mereka berkeliling dunia demi menyelamatkan Natal."
1205229,Night of the Zoopocalypse,23 Januari 2025,6.745,100,Animation | Comedy | Horror | Adventure | Science Fiction | Family,,https://www.themoviedb.org/movie/1205229,https://image.tmdb.org/t/p/w500/nCejOVZcOxKS27nnbh28NKXOdXF.jpg,
934433,Scream VI,8 Maret 2023,6.928,3313,Horror | Thriller | Crime,,https://www.themoviedb.org/movie/934433,https://image.tmdb.org/t/p/w500/wDWwtvkRRlgTiUr6TyLSMX8FCuZ.jpg,"Setelah pembunuhan terbaru oleh Ghostface, keempat orang yang selamat pergi dari Woodsboro dan memulai hidup baru."
374720,Dunkirk,19 Juli 2017,7.45,17949,War | Action | Drama,,https://www.themoviedb.org/movie/374720,https://image.tmdb.org/t/p/w500/b4Oe15CGLL61Ped0RAS9JpqdmCt.jpg,"Pasukan sekutu dari Belgia, Inggris Raya, Kanada dan Perancis terkepung oleh pasukan Jerman pada Perang Dunia II di wilayah pantai Dunkirk Perancis. Ini adalah kisah heroik upaya penyelamatan mereka yang berlangsung dari 24 Mei hingga 4 Juni 1940."
181808,Star Wars: Episode VIII - The Last Jedi,13 Desember 2017,6.737,16654,Adventure | Action | Science Fiction,,https://www.themoviedb.org/movie/181808,https://image.tmdb.org/t/p/w500/ySaaKHOLAQU5HoZqWmzDIj1VvZ1.jpg,"Mengambil langkah pertama ke dunia Jedi, Rey bergabung dengan Luke Skywalker dalam sebuah petualangan dengan Leia, Finn dan Poe yang membuka misteri Kekuatan dan rahasia masa lalu."
519182,Despicable Me 4,20 Juni 2024,6.968,3353,Animation | Comedy | Action | Science Fiction | Family,,https://www.themoviedb.org/movie/519182,https://image.tmdb.org/t/p/w500/wWba3TaojhK7NdycRhoQpsG0FaH.jpg,
298618,The Flash,13 Juni 2023,6.607,5234,Action | Science Fiction | Adventure,,https://www.themoviedb.org/movie/298618,https://image.tmdb.org/t/p/w500/yrrsBUQzBYkPn9btngf5DTHOSyA.jpg,"Saat Flash menggunakan kekuatan uniknya untuk mengubah tragedi di masa lalunya, ia menyebabkan terjadinya paradoks waktu yang dapat mengacaukan masa kini—dan masa depan."
74,War of the Worlds,28 Juni 2005,6.569,9497,Adventure | Thriller | Science Fiction,,https://www.themoviedb.org/movie/74,https://image.tmdb.org/t/p/w500/6Biy7R9LfumYshur3YKhpj56MpB.jpg,"Saat serangan alien yang kejam mengancam Bumi, seorang ayah yang lama hidup terpisah harus melindungi kedua anaknya. Ia akan menerjang apa pun demi menyelamatkan mereka."
1430698,The Bay,2 Juli 2026,5.8,28,Thriller | Horror,,https://www.themoviedb.org/movie/1430698,https://image.tmdb.org/t/p/w500/8QQUI4J2zLv6f96TOjbz9dcg8bc.jpg,
105864,The Good Dinosaur,14 November 2015,6.749,6143,Adventure | Animation | Family,,https://www.themoviedb.org/movie/105864,https://image.tmdb.org/t/p/w500/8RSkxOO80btfKjyiC5ZiTaCHIT8.jpg,
7518,Over the Hedge,17 Mei 2006,6.608,4968,Adventure | Animation | Comedy | Family,,https://www.themoviedb.org/movie/7518,https://image.tmdb.org/t/p/w500/jtZnymorbnHY7mOiBXR14ZDJseM.jpg,"Seekor rakun yang licik menipu keluarga makhluk hutan yang tidak cocok agar membantunya membayar utang makanan, dengan menyerbu daerah pinggiran kota baru yang muncul saat mereka berhibernasi – dan mempelajari pelajaran tentang keluarga itu sendiri."
490132,Green Book,16 November 2018,8.223,13210,Drama | Comedy | History,,https://www.themoviedb.org/movie/490132,https://image.tmdb.org/t/p/w500/7BsvSuDQuoqhWmU2fL7W2GOcZHU.jpg,"Tony Lip, seorang tukang pukul pada tahun 1962, dipekerjakan untuk mengantar pianis Don Shirley dalam tur melintasi Deep South pada masa ketika orang Afrika-Amerika, yang dipaksa mencari akomodasi dan layanan alternatif karena undang-undang segregasi di bawah Mason-Dixon Line, mengandalkan panduan yang disebut The Negro Motorist Green Book."
270303,It Follows,4 Februari 2015,6.581,7131,Horror | Mystery,,https://www.themoviedb.org/movie/270303,https://image.tmdb.org/t/p/w500/iwnQ1JH1wdWrGYkgWySptJ5284A.jpg,
242582,Nightcrawler,23 Oktober 2014,7.709,12028,Crime | Drama | Thriller,,https://www.themoviedb.org/movie/242582,https://image.tmdb.org/t/p/w500/j9HrX8f7GbZQm1BrBiR40uFQZSb.jpg,
577922,Tenet,22 Agustus 2020,7.17,11489,Action | Thriller | Science Fiction,,https://www.themoviedb.org/movie/577922,https://image.tmdb.org/t/p/w500/aCIFMriQh8rvhxpN1IWGgvH0Tlg.jpg,
209112,Batman v Superman: Dawn of Justice,23 Maret 2016,6.011,19325,Action | Adventure | Fantasy,,https://www.themoviedb.org/movie/209112,https://image.tmdb.org/t/p/w500/5UsK3grJvtQrtzEgqNlDljJW96w.jpg,"Pertarungan antara Batman dan Superman terjadi saat Batman mulai mencurigai Superman yang semakin kuat, dan Lex Luthor dengan senang hati memanfaatkan situasi itu."
940551,Migration,6 Desember 2023,7.356,2316,Family | Comedy | Adventure | Animation,,https://www.themoviedb.org/movie/940551,https://image.tmdb.org/t/p/w500/ldfCF9RhR40mppkzmftxapaHeTo.jpg,
18240,The Proposal,2 Juni 2009,7.179,7750,Comedy | Romance | Drama,,https://www.themoviedb.org/movie/18240,https://image.tmdb.org/t/p/w500/6stnAm1wSek8ZrislwK4xGTyCnt.jpg,
558449,Gladiator II,13 November 2024,6.593,4725,Action | Adventure | Drama,,https://www.themoviedb.org/movie/558449,https://image.tmdb.org/t/p/w500/2cxhvwyEwRlysAmRH4iodkvo0z5.jpg,"Bertahun-tahun setelah menyaksikan kematian pahlawan yang disegani Maximus di tangan pamannya, Lucius dipaksa memasuki Colosseum setelah rumahnya ditaklukkan oleh Kaisar tirani yang kini memimpin Roma dengan tangan besi. Dengan amarah di hatinya dan masa depan Kekaisaran yang dipertaruhkan, Lucius harus menengok ke masa lalunya untuk menemukan kekuatan dan kehormatan guna mengembalikan kejayaan Roma kepada rakyatnya."
118,Charlie and the Chocolate Factory,13 Juli 2005,7.037,16364,Adventure | Comedy | Family | Fantasy,,https://www.themoviedb.org/movie/118,https://image.tmdb.org/t/p/w500/iKP6wg3c6COUe8gYutoGG7qcPnO.jpg,
128,もののけ姫,12 Juli 1997,8.319,9262,Adventure | Fantasy | Animation,,https://www.themoviedb.org/movie/128,https://image.tmdb.org/t/p/w500/mVdz3vlmioKWZaHTGfu99zIuayZ.jpg,
791373,Zack Snyder's Justice League,18 Maret 2021,8.077,11106,Action | Adventure | Fantasy,,https://www.themoviedb.org/movie/791373,https://image.tmdb.org/t/p/w500/tnAuB8q5vv7Ax9UAEje5Xi4BXik.jpg,
550988,Free Guy,11 Agustus 2021,7.436,10141,Comedy | Adventure | Science Fiction,,https://www.themoviedb.org/movie/550988,https://image.tmdb.org/t/p/w500/dxraF0qPr1OEgJk17ltQTO84kQF.jpg,Seorang teller bank bernama Guy menyadari bahwa dia merupakan tokoh pendukung dalam sebuah gim video dunia terbuka berjudul Free City yang akan segera luring.
87101,Terminator Genisys,23 Juni 2015,5.958,9154,Science Fiction | Action | Thriller,,https://www.themoviedb.org/movie/87101,https://image.tmdb.org/t/p/w500/oZRVDpNtmHk8M1VYy1aeOWUXgbC.jpg,
10775,無間道,12 Desember 2002,7.807,1917,Drama | Action | Thriller | Crime | Mystery,,https://www.themoviedb.org/movie/10775,https://image.tmdb.org/t/p/w500/zRZhWomkYnIwf8nfWMZIKgJ7j32.jpg,
616037,Thor: Cinta dan Guntur,6 Juli 2022,6.36,8920,Fantasy | Action | Comedy,,https://www.themoviedb.org/movie/616037,https://image.tmdb.org/t/p/w500/pIkRyD18kl4FhoCNQuWxWu5cBLM.jpg,"""Thor: Love and Thunder""menceritakan Thor (Chris Hemsworth) dalam sebuah perjalanan yang belum pernah ia jalani – pencariankedamaian batin. Namun, masa pensiunnya terganggu oleh seorang pembunuh galaksi yang dikenal sebagai Gorr sang Dewa Jagal (Christian Bale), yang ingin memusnahkan para dewa. Untuk mengatasi ancaman, Thor meminta bantuan Raja Valkyrie (Tessa Thompson), Korg (Taika Waititi), dan mantan kekasihnya Jane Foster (Natalie Portman), yang secara mengejutkan dan misterius berhasil menggunakan palu ajaibnya, Mjolnir, sebagai Mighty Thor. Bersama, mereka memulai petualangan kosmik yang mendebarkan untuk mengungkap misteri pembalasan Dewa Jagal dan menghentikannya sebelum terlambat."
510,One Flew Over the Cuckoo's Nest,19 November 1975,8.406,11727,Drama,,https://www.themoviedb.org/movie/510,https://image.tmdb.org/t/p/w500/kjWsMh72V6d8KRLV4EOoSJLT1H7.jpg,
1156594,Culpa nuestra,15 Oktober 2025,7.378,740,Romance | Drama,,https://www.themoviedb.org/movie/1156594,https://image.tmdb.org/t/p/w500/6kmi6vmp6iOn4KzI7WfnVtAeJhU.jpg,"Pernikahan Jenna dan Lion mempertemukan kembali Noah dan Nick setelah mereka putus. Ketidakmampuan Nick memaafkan Noah menjadi penghalang yang tak bisa diatasi. Nick, pewaris bisnis kakeknya, dan Noah, yang baru memulai kehidupan profesionalnya, menolak api asmara yang belum padam. Namun, kini setelah mereka bertemu lagi, apakah cinta akan lebih kuat dari kebencian?"
76338,Thor: The Dark World,30 Oktober 2013,6.508,18694,Action | Adventure | Fantasy,,https://www.themoviedb.org/movie/76338,https://image.tmdb.org/t/p/w500/wp6OxE4poJ4G7c0U2ZIXasTSMR7.jpg,"Thor berjuang untuk memulihkan ketertiban di seluruh kosmos ... tetapi sebuah ras kuno yang dipimpin oleh Malekith yang pendendam kembali untuk menjerumuskan alam semesta kembali ke kegelapan. Berhadapan dengan musuh yang bahkan Odin dan Asgard tidak dapat bertahan, Thor harus memulai perjalanannya yang paling berbahaya dan pribadi, yang akan menyatukan kembali dia dengan Jane Foster dan memaksanya untuk mengorbankan segalanya untuk menyelamatkan kita semua."
290098,아가씨,1 Juni 2016,8.178,4478,Thriller | Drama | Romance,,https://www.themoviedb.org/movie/290098,https://image.tmdb.org/t/p/w500/2as91uhVX6RjDQw3Y5pFWITv3iA.jpg,
1402,The Pursuit of Happyness,14 Desember 2006,7.883,10837,Drama,,https://www.themoviedb.org/movie/1402,https://image.tmdb.org/t/p/w500/lBYOKAMcxIvuk9s9hMuecB9dPBV.jpg,
2109,Rush Hour,18 September 1998,7.084,5891,Action | Comedy | Crime,,https://www.themoviedb.org/movie/2109,https://image.tmdb.org/t/p/w500/nwPhAsfnb7f46bZkWLG7IRP5HXr.jpg,"Ketika Inspektur Lee dari Hong Kong dipanggil ke Los Angeles untuk menyelidiki penculikan, FBI tidak menginginkan bantuan dari luar dan menugaskan Detektif LAPD James Carter yang sombong untuk mengalihkan perhatian Lee dari kasus tersebut. Tidak puas menyaksikan aksi tersebut dari pinggir lapangan, Lee dan Carter membentuk kemitraan yang tidak terduga dan menyelidiki sendiri kasus tersebut."
809,Shrek 2,19 Mei 2004,7.328,13746,Animation | Comedy | Family | Fantasy | Romance,,https://www.themoviedb.org/movie/809,https://image.tmdb.org/t/p/w500/2yYP0PQjG8zVqturh1BAqu2Tixl.jpg,
1368,First Blood,22 Oktober 1982,7.518,7076,Action | Thriller | Drama,,https://www.themoviedb.org/movie/1368,https://image.tmdb.org/t/p/w500/a9sa6ERZCpplbPEO7OMWE763CLD.jpg,
1271,300,7 Maret 2007,7.209,15071,Action | Adventure | War,,https://www.themoviedb.org/movie/1271,https://image.tmdb.org/t/p/w500/h7Lcio0c9ohxPhSZg42eTlKIVVY.jpg,
870028,The Accountant²,23 April 2025,7.076,1925,Mystery | Crime | Thriller,,https://www.themoviedb.org/movie/870028,https://image.tmdb.org/t/p/w500/slKdsugWzNfa8kkhkjTYymOx7OZ.jpg,
18,Le Cinquième Élément,2 Mei 1997,7.591,12116,Science Fiction | Action | Adventure,,https://www.themoviedb.org/movie/18,https://image.tmdb.org/t/p/w500/8nx8sttha1Zidt73SbNncVfSwqk.jpg,"Pada tahun 2257, seorang sopir taksi secara tidak sengaja diberi tugas untuk menyelamatkan seorang gadis muda yang merupakan bagian dari kunci yang akan menjamin kelangsungan hidup umat manusia."
812,Aladdin,25 November 1992,7.657,12241,Animation | Family | Adventure | Fantasy | Romance,,https://www.themoviedb.org/movie/812,https://image.tmdb.org/t/p/w500/eLFfl7vS8dkeG1hKp5mwbm37V83.jpg,
598,Cidade de Deus,30 Agustus 2002,8.429,8422,Drama | Crime,,https://www.themoviedb.org/movie/598,https://image.tmdb.org/t/p/w500/gfnXixcGC060QcG6JPxN6AMdVsq.jpg,
10867,Malèna,27 Oktober 2000,7.562,2814,Drama,,https://www.themoviedb.org/movie/10867,https://image.tmdb.org/t/p/w500/p1DmuHTnvhsWFvWX0xnMWrLBVZ5.jpg,
530385,Midsommar,3 Juli 2019,7.145,8388,Horror | Drama | Mystery,,https://www.themoviedb.org/movie/530385,https://image.tmdb.org/t/p/w500/7LEI8ulZzO5gy9Ww2NVCrKmHeDZ.jpg,"Saat hubungan keduanya tengah bermasalah, sepasang kekasih muda dari Amerika Serikat melancong ke sebuah festival tengah musim panas Swedia, di mana tempat yang tampak seperti surga permai berubah menjadi mimpi buruk yang mengerikan, seiring warga setempat mulai menunjukkan niat bengis mereka."
451156,Infidelity in Suburbia,25 Februari 2017,6.233,163,Thriller | TV Movie,,https://www.themoviedb.org/movie/451156,https://image.tmdb.org/t/p/w500/gKyvJ8u2US61pHR56C2DoVbwnu.jpg,
260513,Incredibles 2,14 Juni 2018,7.453,13923,Action | Adventure | Animation | Family,,https://www.themoviedb.org/movie/260513,https://image.tmdb.org/t/p/w500/9lFKBtaVIhP7E2Pk0IY1CwTKTMZ.jpg,"Film Incredibles 2 melanjutkan cerita dari keluarga Bob Parr yang sedang berusaha mempertahankan kehidupan normalnya. Apalagi beban keluarga semakin bertambah ketika putra dan putri mereka Violet, Dash, dan si kecil Jack-Jack.  Keinginan Bob untuk hidup normal justru bersebrangan dengan sang istri Helen Parr yang masih tetap memberantas kejahatan. Berbagai konflik sederhana muncul di sini. Apalagi ketika Bob sudah terlihat kesulitan mengawasi anak-anaknya.  Sementara itu, di sisi lain, Helen berjuang terus memberantas aksi kejahatan. Ditambah, sebuah penjahat baru akan muncul di tengah-tengah konflik ini.  Screenslaver, penjahat yang tengah mengacaukan bumi terus leluasa dan membuat Helen kesulitan. Keluarga “The Incredibles” harus kembali bersatu untuk mengalahkan musuh baru mereka. Apakah para keluarga superhero ini berhasil mengalahkan Screenslaver dan kemudian menyelesaikan masalah keluarga mereka?"
1495,Kingdom of Heaven,3 Mei 2005,7.085,5211,Drama | Action | Adventure | History | War,,https://www.themoviedb.org/movie/1495,https://image.tmdb.org/t/p/w500/rNaBe4TwbMef71sgscqabpGKsxh.jpg,
339405,Christine,14 Oktober 2016,6.857,417,Drama,,https://www.themoviedb.org/movie/339405,https://image.tmdb.org/t/p/w500/enZy6Yx6sjdOXxcnQVC200RjeKM.jpg,
36557,Casino Royale,14 November 2006,7.6,11981,Adventure | Action | Thriller,,https://www.themoviedb.org/movie/36557,https://image.tmdb.org/t/p/w500/lMrxYKKhd4lqRzwUHAy5gcx9PSO.jpg,
1364958,Zelenskyy: Spirit of Ukraine,31 Desember 2023,0,0,Documentary,,https://www.themoviedb.org/movie/1364958,https://image.tmdb.org/t/p/w500/jMavBcRWRuE861FTA98SKtqtpGC.jpg,
278154,Ice Age: Collision Course,23 Juni 2016,6.122,4973,Adventure | Animation | Family | Comedy | Science Fiction,,https://www.themoviedb.org/movie/278154,https://image.tmdb.org/t/p/w500/tFzUkdhPOForVrEfvxydXfPLrZR.jpg,"Berlatar setelah kejadian Continental Drift, pengejaran Scrat yang epik terhadap biji pohon ek yang sulit ditemukannya membawanya keluar dari Bumi, di mana ia secara tidak sengaja memicu serangkaian peristiwa kosmik yang mengubah dan mengancam planet ini. Untuk menyelamatkan diri dari bahaya, Manny, Sid, Diego, dan kawanan lainnya meninggalkan rumah mereka dan memulai perjalanan yang penuh dengan sensasi dan tumpahan, suka duka, tawa dan petualangan saat bepergian ke negeri dan lokasi baru yang eksotis."
1062722,Frankenstein,17 Oktober 2025,7.616,3827,Drama | Fantasy | Horror,,https://www.themoviedb.org/movie/1062722,https://image.tmdb.org/t/p/w500/g4JtvGlQO7DByTI6frUobqvSL3R.jpg,"Pemenang Oscar, Guillermo del Toro, menafsirkan ulang kisah klasik karya Mary Shelley tentang ilmuwan brilian dan makhluk yang dihidupkan oleh ambisinya yang mengerikan."
57800,Ice Age: Continental Drift,27 Juni 2012,6.394,8260,Animation | Comedy | Adventure | Family,,https://www.themoviedb.org/movie/57800,https://image.tmdb.org/t/p/w500/dfp1BZF7FxbBUyzHvMOI9t8NWDD.jpg,"Manny, Diego, dan Sid memulai petualangan lain setelah benua mereka terombang-ambing. Menggunakan gunung es sebagai kapal, mereka bertemu makhluk laut dan melawan bajak laut saat menjelajahi dunia baru."
436969,The Suicide Squad,28 Juli 2021,7.447,9870,Action | Comedy | Adventure,,https://www.themoviedb.org/movie/436969,https://image.tmdb.org/t/p/w500/q61qEyssk2ku3okWICKArlAdhBn.jpg,
508947,Turning Red,10 Maret 2022,7.33,6033,Animation | Family | Comedy | Fantasy,,https://www.themoviedb.org/movie/508947,https://image.tmdb.org/t/p/w500/qsdjk9oAKSQMWs0Vt5Pyfh6O4GZ.jpg,"Turning Red bercerita tentang kisah Mei Lee, anak remaja perempuan 13 tahun keturunan Tiongkok-Kanada yang tinggal di Toronto. Ia seorang anak gadis yang penurut terhadap segala peraturan kaku yang dan serba menuntut dari keluarganya."
82690,Wreck-It Ralph,1 November 2012,7.362,13304,Family | Animation | Comedy | Adventure,,https://www.themoviedb.org/movie/82690,https://image.tmdb.org/t/p/w500/nrEupcBwf4O1zihCM34NoXusZDq.jpg,"Seorang penjahat video game ingin menjadi pahlawan dan bertekad untuk mewujudkan mimpinya, namun pencariannya membawa malapetaka ke seluruh arcade tempat dia tinggal."
370172,No Time to Die,29 September 2021,7.338,7361,Action | Thriller | Adventure,,https://www.themoviedb.org/movie/370172,https://image.tmdb.org/t/p/w500/iUgygt3fscRoKWCV1d0C7FbM9TP.jpg,"Bond telah meninggalkan agensi dan menikmati kehidupan yang tenang di Jamaika. Kehidupan damainya berakhir setelah teman lamanya Felix Leiter dari CIA muncul dan meminta bantuannya. Misi awal untuk menyelamatkan ilmuwan yang diculik berkembang menjadi lebih rumit dari yang diharapkan, Bond dihadapkan dengan seorang penjahat misterius yang memiliki senjata teknologi terbaru yang berbahaya."
321612,Si cantik dan si buruk rupa,16 Maret 2017,6.967,16151,Family | Fantasy | Romance,,https://www.themoviedb.org/movie/321612,https://image.tmdb.org/t/p/w500/hKegSKIDep2ewJWPUQD7u0KqFIp.jpg,mengadaptasi versi Disney dari kisah klasik seorang pangeran terkutuk dan seorang wanita muda cantik yang membantunya mematahkan mantra.
335983,Venom,28 September 2018,6.824,17558,Science Fiction | Action,,https://www.themoviedb.org/movie/335983,https://image.tmdb.org/t/p/w500/2uNW4WbgBXL25BAbXGLnLqX71Sw.jpg,"Seorang jurnalis, Eddie Brock ingin melakukan sebuah investasi kasus terhadap penemuan yang dipimpin oleh Dr. Carlton Drake. Karena investigasinya, Eddie mengunjungi lab milik Dr. Calrlton Drake. Semuanya ditujukan untuk membuktikan bahwa Dr. Carlton Drake sedang sedang melakukan tindakan jahat menggunakan Symbiote.  Namun, sial bagi Eddie, organisme hidup ini masuk ke dalam tubuhnya. Eddie menemukan kekuatan super dalam dirinya yang mampu mengendalikan semua hal yang ia lakukan."
68726,Pacific Rim,11 Juli 2013,6.946,13779,Action | Science Fiction | Adventure,,https://www.themoviedb.org/movie/68726,https://image.tmdb.org/t/p/w500/8wo4eN8dWKaKlxhSvBz19uvj8gA.jpg,"Saat perang antara umat manusia dan makhluk laut mengerikan terus terjadi, seorang mantan pilot dan seorang peserta pelatihan dipasangkan untuk mengemudikan senjata khusus yang tampaknya sudah ketinggalan zaman dalam upaya putus asa untuk menyelamatkan dunia dari kiamat."
161,Ocean's Eleven,7 Desember 2001,7.466,12867,Thriller | Crime,,https://www.themoviedb.org/movie/161,https://image.tmdb.org/t/p/w500/hQQCdZrsHtZyR6NbKH2YyCqd2fR.jpg,
493922,Hereditary,7 Juni 2018,7.296,8868,Horror | Mystery | Thriller,,https://www.themoviedb.org/movie/493922,https://image.tmdb.org/t/p/w500/4GFPuL14eXi66V96xBWY73Y9PfR.jpg,"Setelah kematian Ellen Leigh, ibu pemimpin keluarga mereka, putrinya Annie dan anggota keluarga lainnya mulai mengungkap rahasia yang mengganggu tentang warisan mereka. Kehidupan sehari-hari mereka tidak hanya terpengaruh, tetapi mereka juga menjadi terjerat dalam nasib mengerikan yang tidak dapat mereka hindari, mendorong mereka ke ambang kegilaan."
8966,Twilight,20 November 2008,6.3,14657,Fantasy | Drama | Romance,,https://www.themoviedb.org/movie/8966,https://image.tmdb.org/t/p/w500/3Gkb6jm6962ADUPaCBqzz9CTbn9.jpg,"Saat pindah untuk tinggal bersama ayahnya, Bella Swan masuk ke sekolah baru dan berkenalan dengan Edward, teman sekelas misterius yang mengaku vampir berusia 108 tahun."
49519,The Croods,15 Maret 2013,6.945,7692,Animation | Adventure | Family | Comedy,,https://www.themoviedb.org/movie/49519,https://image.tmdb.org/t/p/w500/27zvjVOtOi5ped1HSlJKNsKXkFH.jpg,
313369,La La Land,1 Desember 2016,7.9,18453,Comedy | Drama | Romance,,https://www.themoviedb.org/movie/313369,https://image.tmdb.org/t/p/w500/uDO8zWDhfWwoFdKS4fzkUJt0Rf0.jpg,"Ketika Sebastian, seorang pianis, dan Mia, seorang aktris, mencoba untuk menggapai mimpi dan mencapai kesuksesan di bidang masing-masing, mereka terjebak dalam pilihan antara cinta dan karir."
333339,Ready Player One,28 Maret 2018,7.587,17339,Adventure | Action | Science Fiction,,https://www.themoviedb.org/movie/333339,https://image.tmdb.org/t/p/w500/pU1ULUq8D3iRxl1fdX2lZIzdHuI.jpg,"Ketika pencipta sebuah dunia virtual reality bernama OASIS meninggal, ia merilis video yang menantang semua pengguna OASIS untuk menemukan telur tersembunyi. Penemunya akan dapat hadiah besar. Wade Watts menemukan petunjuk pertama dan berlomba menemukan si telur tersembunyi ini."
106,Predator,12 Juni 1987,7.578,9478,Science Fiction | Action | Adventure | Thriller,,https://www.themoviedb.org/movie/106,https://image.tmdb.org/t/p/w500/k3mW4qfJo6SKqe6laRyNGnbB9n5.jpg,
500,Reservoir Dogs,2 September 1992,8.111,15799,Crime | Thriller,,https://www.themoviedb.org/movie/500,https://image.tmdb.org/t/p/w500/xi8Iu6qyTfyZVDVy60raIOYJJmk.jpg,
337167,Fifty Shades Freed,17 Januari 2018,6.668,8427,Drama | Romance,,https://www.themoviedb.org/movie/337167,https://image.tmdb.org/t/p/w500/jjPJ4s3DWZZvI4vw8Xfi4Vqa1Q8.jpg,
614945,Voicemails for Isabelle,20 Juni 2026,8.3,874,Romance | Comedy | Drama,,https://www.themoviedb.org/movie/614945,https://image.tmdb.org/t/p/w500/canZTWSxACSnAluir3dCtMxKpA1.jpg,"Pengakuan lucu berupa pesan suara dari seorang wanita muda untuk mendiang saudarinya tanpa disadari terkirim ke pria tak dikenal, yang mulai jatuh hati dari kejauhan."
10020,Beauty and the Beast,22 Oktober 1991,7.725,10876,Romance | Family | Animation | Fantasy,,https://www.themoviedb.org/movie/10020,https://image.tmdb.org/t/p/w500/hUJ0UvQ5tgE2Z9WpfuduVSdiCiU.jpg,
14139,Los cronocrímenes,1 November 2007,7.022,1521,Science Fiction | Thriller,,https://www.themoviedb.org/movie/14139,https://image.tmdb.org/t/p/w500/rxAMIH5VmzsdiGDbHwqTGWqooVn.jpg,
408,Snow White and the Seven Dwarfs,22 Januari 1938,7.13,8114,Fantasy | Animation | Family,,https://www.themoviedb.org/movie/408,https://image.tmdb.org/t/p/w500/3VAHfuNb6Z7UiW12iYKANSPBl8m.jpg,
62177,Brave,21 Juni 2012,7,14419,Adventure | Animation | Family | Fantasy,,https://www.themoviedb.org/movie/62177,https://image.tmdb.org/t/p/w500/1XAuDtMWpL0sYSFK0R6EZate2Ux.jpg,"Brave terletak di Dataran Tinggi Skotlandia yang mistis, tempat Mérida adalah putri kerajaan yang diperintah oleh Raja Fergus dan Ratu Elinor. Seorang putri yang sulit diatur dan seorang pemanah yang ulung, Mérida suatu hari menentang adat sakral tanah dan secara tidak sengaja membawa kekacauan ke kerajaan. Dalam upaya untuk memperbaiki keadaan, Mérida mencari seorang Wanita Bijaksana yang eksentrik dan mendapatkan harapan buruk. Juga mencari dalam pencarian Mérida - dan berfungsi sebagai bantuan komik - adalah tiga penguasa kerajaan: Lord MacGuffin yang sangat besar, Lord Macintosh yang bermuka masam, dan Lord Dingwall yang tidak menyenangkan."
10674,Mulan,18 Juni 1998,7.902,10659,Animation | Family | Adventure,,https://www.themoviedb.org/movie/10674,https://image.tmdb.org/t/p/w500/jAbexAtB0aSfP5Ay4TpWHARyVnG.jpg,
1064028,Subservience,15 Agustus 2024,6.645,1102,Horror | Science Fiction | Thriller,,https://www.themoviedb.org/movie/1064028,https://image.tmdb.org/t/p/w500/gBenxR01Uy0Ev9RTIw6dVBPoyQU.jpg,
507086,Jurassic World Dominion,1 Juni 2022,6.593,7265,Adventure | Science Fiction | Thriller | Action,,https://www.themoviedb.org/movie/507086,https://image.tmdb.org/t/p/w500/jbAvCACjLf1ZG0unB2tdmx5HAf1.jpg,
458156,John Wick: Chapter 3 - Parabellum,15 Mei 2019,7.438,12050,Action | Thriller | Crime,,https://www.themoviedb.org/movie/458156,https://image.tmdb.org/t/p/w500/ziEuG1essDuWuC5lpWUaw1uXY2O.jpg,"Super-pembunuh John Wick kembali dengan label harga $ 14 juta di kepalanya dan sepasukan pembunuh pemburu hadiah di jejaknya. Setelah membunuh anggota guild pembunuh bayang-bayang internasional, High Table, John Wick dikucilkan, tetapi pria dan wanita hit paling kejam di dunia menunggu setiap gilirannya."
140607,Star Wars: Episode VII - The Force Awakens,15 Desember 2015,7.241,20886,Adventure | Action | Science Fiction,,https://www.themoviedb.org/movie/140607,https://image.tmdb.org/t/p/w500/wqnLdwVXoBjKibFRR5U3y0aDUhs.jpg,30 tahun setelah kemenangan ke atas pihak kejahatan. Kini Hans Solo Solo bersama pulak penentang perlu menghadapi kuasa kejahatan yang diketuai oleh Kylo Ren Dan pihak tenteranya.
508442,Soul,25 Desember 2020,8.088,11703,Animation | Family | Drama | Music | Fantasy,,https://www.themoviedb.org/movie/508442,https://image.tmdb.org/t/p/w500/hm58Jw4Lw8OIeECIq5qyPYhAeRJ.jpg,"Joe Gardner adalah seorang guru sekolah menengah yang menyukai musik jazz. Setelah manggung yang sukses di Half Note Club, dia tiba-tiba mengalami kecelakaan yang memisahkan jiwanya dari tubuhnya dan diangkut ke You Seminar, sebuah pusat di mana jiwa berkembang dan mendapatkan gairah sebelum diangkut ke bayi yang baru lahir. Joe harus meminta bantuan dari orang-orang lain yang sedang menjalani pelatihan, seperti 22, jiwa yang telah menghabiskan ribuan tahun dalam Seminar Anda, untuk kembali ke Bumi."
630,The Wizard of Oz,21 Agustus 1939,7.582,6276,Adventure | Fantasy | Family,,https://www.themoviedb.org/movie/630,https://image.tmdb.org/t/p/w500/yn8MWeqcKrkn3VZ5hpc26vMTxxl.jpg,
9479,The Nightmare Before Christmas,9 Oktober 1993,7.835,10555,Fantasy | Animation | Family,,https://www.themoviedb.org/movie/9479,https://image.tmdb.org/t/p/w500/oQffRNjK8e19rF7xVYEN8ew0j7b.jpg,
6977,No Country for Old Men,9 November 2007,7.95,13737,Crime | Thriller | Western,,https://www.themoviedb.org/movie/6977,https://image.tmdb.org/t/p/w500/6d5XOczc226jECq0LIX0siKtgHR.jpg,
43347,Love & Other Drugs,22 November 2010,7.042,5711,Drama | Comedy | Romance,,https://www.themoviedb.org/movie/43347,https://image.tmdb.org/t/p/w500/wZLM2uKJRYNchLmiCIjosX0rXy8.jpg,
1100782,Smile 2,16 Oktober 2024,6.588,2322,Horror | Mystery,,https://www.themoviedb.org/movie/1100782,https://image.tmdb.org/t/p/w500/ht8Uv9QPv9y7K0RvUyJIaXOZTfd.jpg,
1022787,Elio,18 Juni 2025,6.922,1121,Animation | Adventure | Science Fiction | Family | Comedy,,https://www.themoviedb.org/movie/1022787,https://image.tmdb.org/t/p/w500/7z8jDiTZZco9moIKpTUImFtTy7o.jpg,
168259,Furious Seven,1 April 2015,7.213,11472,Action | Crime | Thriller,,https://www.themoviedb.org/movie/168259,https://image.tmdb.org/t/p/w500/xgzBgMj44Tyv4gXiJ06tQWkSVEO.jpg,
12155,Alice in Wonderland,3 Maret 2010,6.644,15041,Family | Fantasy | Adventure,,https://www.themoviedb.org/movie/12155,https://image.tmdb.org/t/p/w500/o0kre9wRCZz3jjSjaru7QU0UtFz.jpg,"Alice, kini berusia 19 tahun, kembali ke dunia aneh tempat ia pertama kali masuk saat kecil dan memulai perjalanan untuk menemukan takdirnya yang sebenarnya."
539,Psycho,22 Juni 1960,8.406,11235,Horror | Thriller | Mystery,,https://www.themoviedb.org/movie/539,https://image.tmdb.org/t/p/w500/yz4QVqPx3h1hD1DfqqQkCq3rmxW.jpg,
607,Men in Black,2 Juli 1997,7.229,15159,Action | Adventure | Comedy | Science Fiction,,https://www.themoviedb.org/movie/607,https://image.tmdb.org/t/p/w500/uLOmOF5IzWoyrgIF5MfUnh5pa1X.jpg,"Setelah kejar-kejaran polisi dengan makhluk dunia lain, seorang polisi Kota New York direkrut sebagai agen dalam organisasi rahasia yang didirikan untuk memantau dan mengawasi aktivitas alien di Bumi: Men in Black. Agen K dan agen rekrutan baru Agen J menemukan diri mereka di tengah rencana mematikan teroris antargalaksi yang telah tiba di Bumi untuk membunuh dua duta besar dari galaksi berlawanan."
1632181,Socias por accidente,12 Maret 2026,8.856,374,Comedy | Romance,,https://www.themoviedb.org/movie/1632181,https://image.tmdb.org/t/p/w500/j0CIVzeR7hRAPBPGR54qDZoOQpp.jpg,
270946,Penguins of Madagascar,22 November 2014,6.544,4572,Family | Animation | Adventure | Comedy,,https://www.themoviedb.org/movie/270946,https://image.tmdb.org/t/p/w500/dXbpNrPDZDMEbujFoOxmMNQVMHa.jpg,"Skipper, Kowalski, Rico, dan Private bergabung dengan organisasi penyamaran The North Wind untuk menghentikan penjahat Dr. Octavius ​​Brine yang menghancurkan dunia seperti yang kita kenal."
75656,Now You See Me,29 Mei 2013,7.326,17103,Thriller | Crime,,https://www.themoviedb.org/movie/75656,https://image.tmdb.org/t/p/w500/tWsNYbrqy1p1w6K9zRk0mSchztT.jpg,
1491920,功夫女足,11 Juli 2026,6.077,26,Drama | Comedy | Action,,https://www.themoviedb.org/movie/1491920,https://image.tmdb.org/t/p/w500/7H9Gkdr9V5KMM6STtCRdTuRD2Zd.jpg,
718930,Bullet Train,3 Agustus 2022,7.409,7888,Action | Comedy | Thriller,,https://www.themoviedb.org/movie/718930,https://image.tmdb.org/t/p/w500/j8szC8OgrejDQjjMKSVXyaAjw3V.jpg,"Pembunuh yang tidak beruntung, Ladybug, bertekad untuk melakukan pekerjaannya dengan damai setelah terlalu banyak pertunjukan yang gagal. Nasib, bagaimanapun, mungkin memiliki rencana lain, karena misi terbaru Ladybug menempatkannya pada jalur tabrakan dengan musuh mematikan dari seluruh dunia — semua dengan tujuan yang terhubung, namun saling bertentangan — di kereta tercepat di dunia."
197,Braveheart,24 Mei 1995,7.944,11406,Action | Drama | History | War,,https://www.themoviedb.org/movie/197,https://image.tmdb.org/t/p/w500/or1gBugydmjToAEq7OZY0owwFk.jpg,"Marah atas pembantaian Murron, pengantin barunya dan cinta masa kecilnya, prajurit Skotlandia William Wallace membunuh satu peleton tentara penguasa Inggris setempat. Hal ini menyebabkan desa tersebut memberontak dan, pada akhirnya, seluruh negeri bangkit melawan pemerintahan Inggris."
44214,Black Swan,3 Desember 2010,7.683,15852,Drama | Thriller | Horror,,https://www.themoviedb.org/movie/44214,https://image.tmdb.org/t/p/w500/viWheBd44bouiLCHgNMvahLThqx.jpg,
135397,Jurassic World,6 Juni 2015,6.703,21890,Adventure | Science Fiction | Thriller | Action,,https://www.themoviedb.org/movie/135397,https://image.tmdb.org/t/p/w500/rhr4y79GpxQF9IsfJItRXVaoGs4.jpg,
259316,Hewan-Hewan Fantastis dan Dimana Mereka Bisa Ditemukan,16 November 2016,7.308,19961,Fantasy | Adventure,,https://www.themoviedb.org/movie/259316,https://image.tmdb.org/t/p/w500/h6NYfVUyM6CDURtZSnBpz647Ldd.jpg,"Tujuh puluh tahun sebelum Harry Potter membaca buku pelajaran yang ditulis oleh Newt Scamander (Eddie Redmayne) di Hogwarts, sang penulis berkelana mengunjungi perkumpulan rahasia penyihir di kota New York.  Spin-off film Harry Potter yang berlatar belakang di tahun 1926 ini menceritakan kisah perjalanan Newt yang bepergian keliling dunia untuk bertemu dan mendokumentasikan hewan-hewan sihir. Akan tetapi ketika ia bersinggah di kota New York sebelum mengakhiri perjalanannya, Newt tidak sengaja melepaskan hewan-hewan sihir yang disimpannya di dalam koper sihir miliknya di dunia No-Maj (manusia tanpa kemampuan sihir)."
1378537,मिर्ज़ापुर - द मूवी,3 September 2026,7.571,7,Action | Crime | Drama | Thriller,,https://www.themoviedb.org/movie/1378537,https://image.tmdb.org/t/p/w500/cdDKdCRyq6BYuNblpKUYqRPWvEg.jpg,
423108,The Conjuring: The Devil Made Me Do It,25 Mei 2021,7.338,6693,Horror | Mystery | Thriller,,https://www.themoviedb.org/movie/423108,https://image.tmdb.org/t/p/w500/xbSuFiJbbBWCkyCCKIMfuDCA4yV.jpg,"Ceritanya pada 24 November 1981 di Brookfield, Connecticut, Arne Cheyenne Johnson disidang kasus pembunuhan tingkat pertama atas kematian seorang tuan tanah bernama Alan Bono. Kasus tersebut menjadi terkenal karena melibatkan untuk pertama kalinya unsur ""kerasukan setan"" dalam sebuah persidangan atas kasus pembunuhan."
609681,The Marvels,8 November 2023,5.9,3626,Science Fiction | Adventure | Action,,https://www.themoviedb.org/movie/609681,https://image.tmdb.org/t/p/w500/9GBhzXMFjgcZ3FdR9w3bUMMTps5.jpg,
393,Kill Bill: Vol. 2,16 April 2004,7.873,15417,Action | Crime | Thriller,,https://www.themoviedb.org/movie/393,https://image.tmdb.org/t/p/w500/2yhg0mZQMhDyvUQ4rG1IZ4oIA8L.jpg,"Sang Mempelai Wanita melanjutkan upaya balas dendamnya terhadap mantan bos dan kekasihnya, Bill, penjaga pintu yang penyendiri, Budd, dan Elle yang bermata satu dan pengkhianat."
1359,American Psycho,13 April 2000,7.402,12690,Thriller | Drama | Crime,,https://www.themoviedb.org/movie/1359,https://image.tmdb.org/t/p/w500/9uGHEgsiUXjCNq8wdq4r49YL8A1.jpg,
1316092,“Wuthering Heights”,11 Februari 2026,6.66,1331,Romance | Drama,,https://www.themoviedb.org/movie/1316092,https://image.tmdb.org/t/p/w500/ud5oGGcko64cjhOsB6nny57MtL2.jpg,
1156593,Culpa tuya,26 Desember 2024,7.091,1624,Drama | Romance,,https://www.themoviedb.org/movie/1156593,https://image.tmdb.org/t/p/w500/1jvCVdlgInyItAUEvvvCakm1Yxz.jpg,"Sekuel film laris My Fault; cinta Noah dan Nick tampak tak tergoyahkan meski orang tua berusaha memisahkan mereka. Namun, pekerjaan Noah dan masuknya Nick ke universitas membuka kehidupan baru yang akan mengguncang fondasi hubungan mereka dan keluarga Leister sendiri. Ketika begitu banyak orang siap menghancurkan suatu hubungan, dapatkah hubungan itu berakhir dengan baik?"
176,Saw,1 Oktober 2004,7.4,10304,Horror | Mystery | Crime,,https://www.themoviedb.org/movie/176,https://image.tmdb.org/t/p/w500/rLNSOudrayDBo1uqXjrhxcjODIC.jpg,
245891,John Wick,16 Oktober 2014,7.463,21304,Action | Thriller,,https://www.themoviedb.org/movie/245891,https://image.tmdb.org/t/p/w500/wXqWR7dHncNRbxoEGybEy7QTe9h.jpg,"Saat mobilnya dicuri dan anjingnya dibunuh oleh putra seorang gangster, John Wick si mantan pembunuh yang pemberani menghadapi seluruh kawanan mafia demi membalas dendam."
875828,Peaky Blinders: The Immortal Man,5 Maret 2026,7.178,1205,Crime | Drama,,https://www.themoviedb.org/movie/875828,https://image.tmdb.org/t/p/w500/gRMalasZEzsZi4w2VFuYusfSfqf.jpg,"Setelah putranya yang hidup terpisah terlibat rencana Nazi, Tommy Shelby,, gangster yang mengasingkan diri, harus kembali ke Birmingham demi keluarga dan negaranya."
991494,Film SpongeBob: Pencarian SquarePants,16 Desember 2025,6.782,349,Adventure | Family | Animation | Comedy | Fantasy,,https://www.themoviedb.org/movie/991494,https://image.tmdb.org/t/p/w500/xJnOMMsFASxNiFnG7v3TNIQ3ife.jpg,"Karena sangat ingin menjadi orang besar, SpongeBob bertekad membuktikan keberaniannya kepada Tuan Krabs dengan mengikuti The Flying Dutchman – hantu bajak laut misterius yang gagah berani – dalam petualangan laut yang membawanya ke kedalaman laut terdalam, tempat yang belum pernah dikunjungi Sponge sebelumnya."
2105,American Pie,9 Juli 1999,6.617,8544,Comedy | Romance,,https://www.themoviedb.org/movie/2105,https://image.tmdb.org/t/p/w500/5P68by2Thn8wHAziyWGEw2O7hco.jpg,
615656,Meg 2: The Trench,2 Agustus 2023,6.364,4102,Action | Science Fiction | Horror,,https://www.themoviedb.org/movie/615656,https://image.tmdb.org/t/p/w500/4m1Au3YkjqsxF8iwQy0fPYSxE0h.jpg,
917496,Beetlejuice Beetlejuice,4 September 2024,6.917,3294,Comedy | Fantasy,,https://www.themoviedb.org/movie/917496,https://image.tmdb.org/t/p/w500/2XMBScqx3UqBR8UT7WGbTs72lyG.jpg,
296096,Me Before You,1 Juni 2016,7.93,13551,Drama | Romance,,https://www.themoviedb.org/movie/296096,https://image.tmdb.org/t/p/w500/Ia3dzj5LnCj1ZBdlVeJrbKJQxG.jpg,
320288,X-Men: Dark Phoenix,5 Juni 2019,5.959,7282,Science Fiction | Action | Adventure,,https://www.themoviedb.org/movie/320288,https://image.tmdb.org/t/p/w500/cCTJPelKGLhALq3r51A9uMonxKj.jpg,"X-Men menghadapi musuh mereka yang paling tangguh dan kuat ketika salah satu dari mereka, Jean Gray, mulai lepas kendali. Selama misi penyelamatan di luar angkasa, Jean hampir terbunuh ketika dia ditabrak oleh kekuatan kosmik misterius. Begitu dia kembali ke rumah, kekuatan ini tidak hanya membuatnya jauh lebih kuat, tetapi jauh lebih tidak stabil. X-Men sekarang harus bersatu untuk menyelamatkan jiwanya dan melawan alien yang ingin menggunakan kemampuan baru Grey untuk memerintah galaksi."
1472951,Infiltrate,9 Juli 2026,8.444,9,Action | Thriller,,https://www.themoviedb.org/movie/1472951,https://image.tmdb.org/t/p/w500/8Cw8GF9wG63kF8pRRXwOx2kXGt.jpg,
8392,となりのトトロ,16 April 1988,8.066,9054,Fantasy | Animation | Family,,https://www.themoviedb.org/movie/8392,https://image.tmdb.org/t/p/w500/ykeaF3Ldz1Kf6sfnOJJH4dW56F4.jpg,"Dua orang perempuan kakak beradik pindah ke desa dengan ayah mereka untuk dekat dengan ibu mereka yang sedang dirawat dan menemukan bahwa pepohonan disekitar dihuni oleh para Totoro, jiwa-jiwa magis dari hutan. Ketika saudara termuda mereka melarikan diri dari rumah, saudara perempuan yang lebih tua mencari pertolongan dari jiwa-jiwa magis untuk menemukannya."
120467,The Grand Budapest Hotel,26 Februari 2014,8.025,16471,Comedy | Drama,,https://www.themoviedb.org/movie/120467,https://image.tmdb.org/t/p/w500/eWdyYQreja6JGCzqHWXpWHDrrPo.jpg,
746036,The Fall Guy,24 April 2024,6.953,4025,Action | Comedy | Romance,,https://www.themoviedb.org/movie/746036,https://image.tmdb.org/t/p/w500/e7olqFmzcIX5c23kX4zSmLPJi8c.jpg,
417859,Puss in Boots,27 Oktober 2011,6.615,4739,Action | Adventure | Animation | Comedy | Family,,https://www.themoviedb.org/movie/417859,https://image.tmdb.org/t/p/w500/7a5Jzjr9TmffGy76y1SZhn3sCiz.jpg,
8355,Ice Age: Dawn of the Dinosaurs,26 Juni 2009,6.777,9051,Animation | Comedy | Family | Adventure,,https://www.themoviedb.org/movie/8355,https://image.tmdb.org/t/p/w500/cXOLaxcNjNAYmEx1trZxOTKhK3Q.jpg,"Waktu terus berubah bagi Manny si mamut yang pemarah, Sid si kungkang yang suka bicara kasar, dan Diego si harimau bertaring tajam yang cerdik. Kehidupan memanas bagi para pahlawan kita saat mereka bertemu dengan tetangga baru yang tidak terlalu ramah – dinosaurus perkasa."
976573,Elemental,14 Juni 2023,7.593,5535,Animation | Comedy | Family | Romance,,https://www.themoviedb.org/movie/976573,https://image.tmdb.org/t/p/w500/4Y1WNkd88JXmGfhtWR7dmDAo1T2.jpg,
1494060,Sunset on Pluto,3 Maret 2025,0,0,Horror | Fantasy,,https://www.themoviedb.org/movie/1494060,https://image.tmdb.org/t/p/w500/ohqBzqTw3Uw9bGTaD5x7jUVJHzX.jpg,
137113,Edge of Tomorrow,27 Mei 2014,7.643,15476,Action | Science Fiction,,https://www.themoviedb.org/movie/137113,https://image.tmdb.org/t/p/w500/nBM9MMa2WCwvMG4IJ3eiGUdbPe6.jpg,"Bill Cage terjebak dalam lingkaran waktu, dan terus mengulang hari saat ia tewas dalam perang. Untuk keluar, ia harus bertahan hidup sekaligus menaklukkan para alien."
351286,Jurassic World: Fallen Kingdom,6 Juni 2018,6.526,12987,Adventure | Science Fiction | Thriller | Action,,https://www.themoviedb.org/movie/351286,https://image.tmdb.org/t/p/w500/x2Us3jR6ToMJjbcPbLimYoxf6xr.jpg,"Setelah Isla Nublar porak-poranda akibat letusan gunung berapi, spesies dinosaurus yang tersisa dibawa ke perkebunan Lockwood yang besar, di Amerika. Di tempat tersebut, Owen dan Claire menyadari bahwa spesies dinosaurus malah dilelang dan tidak dilestarikan. Seekor dinosaurus hibrida yang sangat berbahaya dan dikenal dengan nama Indoraptor, kabur dan mulai meneror penduduk di sekitar perkebunan."
207703,Kingsman: The Secret Service,24 Januari 2015,7.617,18118,Crime | Comedy | Action,,https://www.themoviedb.org/movie/207703,https://image.tmdb.org/t/p/w500/r6q9wZK5a2K51KFj4LWVID6Ja1r.jpg,
38,Eternal Sunshine of the Spotless Mind,19 Maret 2004,8.089,16701,Science Fiction | Drama | Romance,,https://www.themoviedb.org/movie/38,https://image.tmdb.org/t/p/w500/5MwkWH9tYHv3mV9OdYTMR5qreIz.jpg,
823464,Godzilla x Kong: The New Empire,27 Maret 2024,7.039,4843,Action | Adventure | Science Fiction,,https://www.themoviedb.org/movie/823464,https://image.tmdb.org/t/p/w500/z1p34vh7dEOnLDmyCrlUVLuoDzd.jpg,"Setelah pertarungan eksplosif mereka, Godzilla dan Kong harus bersatu kembali melawan ancaman kolosal yang belum ditemukan yang tersembunyi di dalam dunia kita, yang menantang eksistensi mereka - dan eksistensi kita."
1285959,The Passenger,5 Juni 2026,5.539,51,Thriller,,https://www.themoviedb.org/movie/1285959,https://image.tmdb.org/t/p/w500/i9XqCdF0jrgqveYUaLjOSiRepIq.jpg,
954,Mission: Impossible,22 Mei 1996,7.028,10237,Adventure | Action | Thriller,,https://www.themoviedb.org/movie/954,https://image.tmdb.org/t/p/w500/l5uxY5m5OInWpcExIpKG6AR3rgL.jpg,
260346,Taken 3,16 Desember 2014,6.264,6274,Thriller | Action,,https://www.themoviedb.org/movie/260346,https://image.tmdb.org/t/p/w500/vzvMXMypMq7ieDofKThsxjHj9hn.jpg,"Mantan agen pemerintah Bryan Mills mendapati hidupnya hancur ketika dia dituduh melakukan pembunuhan yang terjadi di dekat rumahnya. Saat dia dikejar oleh inspektur polisi yang cerdas, Mills menggunakan keahlian khususnya untuk melacak pembunuh sebenarnya dan menerapkan gaya keadilan uniknya."
57158,The Hobbit: The Desolation of Smaug,11 Desember 2013,7.6,14546,Fantasy | Adventure | Action,,https://www.themoviedb.org/movie/57158,https://image.tmdb.org/t/p/w500/xQYiXsheRCDBA39DOrmaw1aSpbk.jpg,"Para kurcaci, bersama dengan Bilbo Baggins dan Gandalf the Grey, melanjutkan pencarian mereka untuk merebut kembali Gunung Kesepian (Lonely Mountain), tanah air mereka, dari naga Smaug"
696506,Mickey 17,28 Februari 2025,6.827,3918,Science Fiction | Comedy | Adventure,,https://www.themoviedb.org/movie/696506,https://image.tmdb.org/t/p/w500/edKpE9B5qN3e559OuMCLZdW1iBZ.jpg,"Mickey 17, yang dikenal sebagai “expandable”, melakukan perjalanan berbahaya untuk menjajah sebuah planet es."
667538,Transformers: Rise of the Beasts,6 Juni 2023,7.2,5414,Science Fiction | Adventure | Action,,https://www.themoviedb.org/movie/667538,https://image.tmdb.org/t/p/w500/gPbM0MK8CP8A174rmUwGsADNYKD.jpg,
21835,西遊記大結局之仙履奇緣,4 Februari 1995,7.7,271,Action | Adventure | Fantasy | Comedy | Romance | Drama,,https://www.themoviedb.org/movie/21835,https://image.tmdb.org/t/p/w500/xK5I5ikVC8FCCggNzNlanC7GI92.jpg,
1433568,粽邪4：坤蒂拉娜,27 Agustus 2026,0,0,Thriller | Mystery | Horror,,https://www.themoviedb.org/movie/1433568,https://image.tmdb.org/t/p/w500/6u8F23BammMeCWLvWITbFM2Nwbe.jpg,
967941,Wicked: For Good,19 November 2025,6.593,1143,Fantasy | Adventure | Romance,,https://www.themoviedb.org/movie/967941,https://image.tmdb.org/t/p/w500/si9tolnefLSUKaqQEGz1bWArOaL.jpg,"Berlatar di Negeri Oz, persahabatan Elphaba (Cynthia Erivo) dan Glinda (Ariana Grande) diuji saat mereka menerima identitas baru mereka masing-masing sebagai Penyihir Jahat dari Barat dan Glinda Penyihir Baik dari Utara, dan bagaimana konsekuensi dari tindakan mereka akan mengubah seluruh negeri Oz selamanya."
9552,The Exorcist,26 Desember 1973,7.745,8856,Horror,,https://www.themoviedb.org/movie/9552,https://image.tmdb.org/t/p/w500/5x0CeVHJI8tcDx8tUUwYHQSNILq.jpg,"Ketika seorang gadis muda dirasuki oleh entitas misterius, ibunya mencari bantuan dua pendeta Katolik untuk menyelamatkan hidupnya."
1246049,Dracula,30 Juli 2025,7.25,1469,Horror | Fantasy | Romance,,https://www.themoviedb.org/movie/1246049,https://image.tmdb.org/t/p/w500/hCKkybW6EfSZoOW3xia9ZsQwaUd.jpg,
524434,Eternals,3 November 2021,6.755,9392,Science Fiction | Action | Adventure,,https://www.themoviedb.org/movie/524434,https://image.tmdb.org/t/p/w500/lFByFSLV5WDJEv3KabbdAF959F2.jpg,"The Eternals adalah tim alien kuno yang telah hidup di Bumi secara rahasia selama ribuan tahun. Ketika sebuah tragedi tak terduga memaksa mereka keluar dari bayang-bayang, mereka dipaksa untuk bersatu kembali melawan musuh paling kuno umat manusia, Deviants."
9769,Lolita,27 September 1997,7.097,2028,Drama,,https://www.themoviedb.org/movie/9769,https://image.tmdb.org/t/p/w500/9INcC14WZjCMKGE360VXmklCLdZ.jpg,
1689518,Christiane Taubira : une loi pour mémoire,6 Mei 2026,6,2,Documentary | History,,https://www.themoviedb.org/movie/1689518,https://image.tmdb.org/t/p/w500/1lQdrKYNH1cYwStHTNwkC4Crv2R.jpg,
275,Fargo,8 Maret 1996,7.849,9351,Crime | Drama | Thriller,,https://www.themoviedb.org/movie/275,https://image.tmdb.org/t/p/w500/rt7cpEr1uP6RTZykBFhBTcRaKvG.jpg,
49444,Kung Fu Panda 2,25 Mei 2011,7.085,8118,Animation | Family | Comedy | Action,,https://www.themoviedb.org/movie/49444,https://image.tmdb.org/t/p/w500/mtqqD00vB4PGRt20gWtGqFhrkd0.jpg,
580489,Venom: Biarkan ada Pembantaian,30 September 2021,6.731,11400,Science Fiction | Action | Adventure,,https://www.themoviedb.org/movie/580489,https://image.tmdb.org/t/p/w500/pzKsRuKLFmYrW5Q0q8E8G78Tcgo.jpg,Venom kembali beraksi ketika pembunuh berantai terkenal Cletus Cassidy menjadi pembantaian yang kejam.
1242332,Normal,16 April 2026,7.257,567,Action | Crime | Thriller,,https://www.themoviedb.org/movie/1242332,https://image.tmdb.org/t/p/w500/t13MdGCKRZvkmrFW2A7Vih3QjwD.jpg,
1175942,The Bad Guys 2,24 Juli 2025,7.632,897,Family | Comedy | Crime | Adventure | Animation | Action,,https://www.themoviedb.org/movie/1175942,https://image.tmdb.org/t/p/w500/26oSPnq0ct59l07QOXZKyzsiRtN.jpg,
22881,The Blind Side,20 November 2009,7.663,6975,Drama,,https://www.themoviedb.org/movie/22881,https://image.tmdb.org/t/p/w500/PhpAdRopu0sOWf0BY7vVtxrRD3.jpg,Seorang remaja tunawisma menikmati kesuksesan di dalam dan luar lapangan football usai diadopsi sosok ibu berwatak gigih & keluarganya yang kaya. Berdasarkan kisah nyata.
504056,大師兄,16 Agustus 2018,7.576,298,Action | Drama | Comedy,,https://www.themoviedb.org/movie/504056,https://image.tmdb.org/t/p/w500/gpPmQfmDXp6JMwsSCA96qbotSTh.jpg,"Henry Chen (Donnie Yen) seorang guru yang memilki metode pengajaran tidak biasa sangat dekat dengan murid-muridnya. Dia bukanlah guru biasa karena dia dapat melakukan apapun demi menjaga murid-muridnya. Suatu ketika salah satu muridnya disekap oleh geng penjahat, hal ini membuat dia melakukan perlawanan untuk mendapatkan muridnya kembali."
9738,Fantastic Four,29 Juni 2005,5.81,10195,Action | Fantasy | Science Fiction,,https://www.themoviedb.org/movie/9738,https://image.tmdb.org/t/p/w500/4YMcYEFS8sFuW3soP1HVmgR3cSm.jpg,"Selama perjalanan luar angkasa, empat ilmuwan berubah karena sinar kosmik: Reed Richards memperoleh kemampuan untuk meregangkan tubuhnya; Sue Storm dapat menjadi tidak terlihat; Johnny Storm mengendalikan api; dan Ben Grimm berubah menjadi makhluk super kuat. Bersama-sama, ""Fantastic Four"" ini sekarang harus menggagalkan rencana jahat Dr. Doom dan menyelamatkan dunia dari kehancuran."
85,Raiders of the Lost Ark,12 Juni 1981,7.928,13966,Adventure | Action,,https://www.themoviedb.org/movie/85,https://image.tmdb.org/t/p/w500/ceG9VzoRAVGwivFU403Wc3AHRys.jpg,
4247,Scary Movie,7 Juli 2000,6.429,8121,Comedy,,https://www.themoviedb.org/movie/4247,https://image.tmdb.org/t/p/w500/fVQFPRuw3yWXojYDJvA5EoFjUOY.jpg,"Setahun setelah membuang jenazah pria yang tidak sengaja mereka bunuh, sekelompok remaja bodoh dibuntuti oleh seorang pembunuh berantai yang kikuk."
1465063,Forgotten Island,16 September 2026,10,1,Animation | Adventure | Fantasy | Comedy | Family,,https://www.themoviedb.org/movie/1465063,https://image.tmdb.org/t/p/w500/Lr0Ng7Gg02RW1AyfYEL6P0WUvd.jpg,
76492,Hotel Transylvania,20 September 2012,6.969,9346,Animation | Comedy | Family | Fantasy,,https://www.themoviedb.org/movie/76492,https://image.tmdb.org/t/p/w500/eJGvzGrsfe2sqTUPv5IwLWXjVuR.jpg,
359724,Ford v Ferrari,13 November 2019,8.006,9271,Drama | History | Action,,https://www.themoviedb.org/movie/359724,https://image.tmdb.org/t/p/w500/dR1Ju50iudrOh3YgfwkAU1g2HZe.jpg,"Desainer mobil berkebangsaan Amerika, Carroll Shelby dan pengemudi kelahiran Inggris, Ken Miles bekerja sama untuk memerangi campur tangan perusahaan, hukum fisika dan iblis mereka sendiri untuk membangun sebuah mobil balap yang revolusioner untuk Ford Motor Company dan menghadapi mobil balap yang dominan, Enzo Ferrari dalam perlombaan 24 Hours of Le Mans di Perancis pada tahun 1966."
77,Memento,11 Oktober 2000,8.173,16724,Mystery | Thriller,,https://www.themoviedb.org/movie/77,https://image.tmdb.org/t/p/w500/nzlv62aC0octS5AklAiWpXLX9Z0.jpg,
915935,Anatomie d'une chute,23 Agustus 2023,7.513,3463,Thriller | Mystery | Crime,,https://www.themoviedb.org/movie/915935,https://image.tmdb.org/t/p/w500/nSwQKCsDdj2S56mG7Yz2YGfrLT6.jpg,"Seorang wanita dicurigai melakukan pembunuhan terhadap suaminya, dan putra buta mereka menghadapi dilema moral sebagai saksi mata."
670,Old Boy,21 November 2003,8.235,10173,Thriller | Mystery,,https://www.themoviedb.org/movie/670,https://image.tmdb.org/t/p/w500/xpa9ybm6tYGna5LseqSXvKpSSJn.jpg,"Oldboy bercerita tentang Oh Dae-su (Choi Min-sik) yang secara tiba-tiba diculik oleh sekelompok orang. Tanpa mengerti permasalahannya, Oh Dae-su kemudian dikurung di sebuah ruangan misterius. Di tengah-tengah masa kurungannya, melalui siaran berita di televisi, Oh Dae-su mendapati bahwa dirinya telah menjadi buronan karena dituduh membunuh istrinya sendiri. Dari sana kemudian ia bertekad untuk kabur dan membalas dendam kepada orang yang mengurungnya. 15 tahun berselang, tiba-tiba Oh Dae-su terbebas dari kurungannya. Ia tidak mengerti mengapa dirinya bisa keluar dari ruangan tersebut.  Oh Dae-su kemudian memulai pencarian dan mencoba memecahkan misteri di balik penculikannya. Dalam upayanya tersebut, Oh Dae-su bertemu seorang pelayan restoran sushi yang bernama Mi Do (Kang Hye-jung)."
1381027,Good Boy,5 Maret 2026,7.3,267,Thriller | Drama | Mystery,,https://www.themoviedb.org/movie/1381027,https://image.tmdb.org/t/p/w500/eWb841fMkSNly5gfL9J1N0xzVYI.jpg,
1340206,Tuner,21 Mei 2026,7.58,401,Crime | Drama | Thriller,,https://www.themoviedb.org/movie/1340206,https://image.tmdb.org/t/p/w500/5OvA3i9wZs5jHu0DCrfmXlzAM67.jpg,
70410,La Femme publique,16 Juni 1984,6,61,Drama,,https://www.themoviedb.org/movie/70410,https://image.tmdb.org/t/p/w500/cIWSdfPkPvfNzPZPJBz8CVCsQSx.jpg,
1122030,अल्फा,2 Juli 2026,4.818,22,Action | Thriller,,https://www.themoviedb.org/movie/1122030,https://image.tmdb.org/t/p/w500/bPtRt3ajQ0EkyeQ1O6iJwAIi9Py.jpg,
166426,Pirates of the Caribbean: Salazar's Revenge,23 Mei 2017,6.665,13039,Adventure | Action | Fantasy,,https://www.themoviedb.org/movie/166426,https://image.tmdb.org/t/p/w500/6lAPOAFYFWIO3SQRemEY2wInQMC.jpg,"Kapten Jack Sparrow diburu oleh rivalnya, Kapten Salazar, bersama sepasukan awak hantu yang telah meloloskan diri dari Devil's Triangle, yang bernafsu untuk membunuh setiap bajak laut yang ada. Jack mencari Trident of Poseidon, benda peninggalan masa lampau yang dapat memberinya kekuatan untuk menguasai seluruh lautan, sebagai satu-satunya cara untuk mengalahkan Salazar."
61791,Rise of the Planet of the Apes,3 Agustus 2011,7.353,13054,Thriller | Action | Drama | Science Fiction,,https://www.themoviedb.org/movie/61791,https://image.tmdb.org/t/p/w500/oqA45qMyyo1TtrnVEBKxqmTPhbN.jpg,
38055,Megamind,28 Oktober 2010,7.038,7673,Animation | Action | Comedy | Family | Science Fiction,,https://www.themoviedb.org/movie/38055,https://image.tmdb.org/t/p/w500/uZ9ytt3sPTx62XTfN56ILSuYWRe.jpg,
438695,Sing 2,1 Desember 2021,7.831,4894,Animation | Comedy | Family | Music,,https://www.themoviedb.org/movie/438695,https://image.tmdb.org/t/p/w500/aWeKITRFbbwY8txG5uCj4rMCfSP.jpg,
1330021,Remarkably Bright Creatures,7 Mei 2026,8.427,896,Drama | Mystery,,https://www.themoviedb.org/movie/1330021,https://image.tmdb.org/t/p/w500/9HcEqn3D4J6b2Z0jK54id9nA0fr.jpg,"Dalam drama mengharukan adaptasi novel terlaris ini, seorang janda menjalin ikatan dengan gurita cerdas dan pria muda asing saat bekerja malam di akuarium kota kecil."
384018,Fast & Furious Presents: Hobbs & Shaw,31 Juli 2019,6.823,7911,Action | Adventure | Comedy,,https://www.themoviedb.org/movie/384018,https://image.tmdb.org/t/p/w500/qRyy2UmjC5ur9bDi3kpNNRCc5nc.jpg,Hobbs & Shaw cinema film baru barat yang sangat seru Ini bercerita Luke Hobbs terpaksa membentuk aliansi yang mustahil dengan Deckard Shaw. Keduanya terpaksa bersatu membantu Hattie Shaw untuk memburu senjata virus berbahaya dan Brixton. Brixton adalah penjahat jenis baru yang berhasil mengubah dirinya menjadi manusia super. Keberadaanya menjadi ancaman bagi umat manusia.
107,Snatch,1 September 2000,7.829,10251,Crime | Comedy,,https://www.themoviedb.org/movie/107,https://image.tmdb.org/t/p/w500/kJZoAHq1SLDdWjeNGtlHAnGpmFV.jpg,
426063,Nosferatu,25 Desember 2024,6.713,3946,Horror | Fantasy,,https://www.themoviedb.org/movie/426063,https://image.tmdb.org/t/p/w500/5qGIxdEO841C0tdY8vOdLoRVrr0.jpg,"Sebuah kisah kelam tentang obsesi antara seorang wanita muda dan vampir mengerikan yang menghantuinya dan tertarik padanya, membangkitkan teror yang tak terbayangkan di sekitarnya."
792307,Poor Things,7 Desember 2023,7.629,5726,Science Fiction | Romance | Comedy,,https://www.themoviedb.org/movie/792307,https://image.tmdb.org/t/p/w500/kCGlIMHnOm8JPXq3rXM6c5wMxcT.jpg,
926393,The Equalizer 3,30 Agustus 2023,7.294,3888,Action | Thriller | Crime,,https://www.themoviedb.org/movie/926393,https://image.tmdb.org/t/p/w500/b0Ej6fnXAP8fK75hlyi2jKqdhHz.jpg,"Robert McCall (Denzel Washington) kembali beraksi, kali ini ia akan menghadapi mafia sadis yang mengganggu teman-temannya di Italia."
1417,El laberinto del fauno,11 Oktober 2006,7.768,11714,Fantasy | Drama | War,,https://www.themoviedb.org/movie/1417,https://image.tmdb.org/t/p/w500/qx0ROTFkMSbnR6g0zGDRE4cGuWY.jpg,
861,Total Recall,1 Juni 1990,7.328,6672,Action | Adventure | Science Fiction,,https://www.themoviedb.org/movie/861,https://image.tmdb.org/t/p/w500/wVbeL6fkbTKSmNfalj4VoAUUqJv.jpg,
13448,Angels & Demons,20 April 2009,6.728,7488,Thriller | Mystery,,https://www.themoviedb.org/movie/13448,https://image.tmdb.org/t/p/w500/tFZQAuulEOtFTp0gHbVdEXwGrYe.jpg,Ahli simbologi Harvard Robert Langdon bekerja dengan fisikawan nuklir untuk memecahkan pembunuhan dan mencegah aksi teroris terhadap Vatikan dalam salah satu peristiwa penting di dalam gereja.
81,風の谷のナウシカ,11 Maret 1984,7.94,4191,Adventure | Animation | Fantasy,,https://www.themoviedb.org/movie/81,https://image.tmdb.org/t/p/w500/r74DvbQuz8zjxWvLwkX0iTIGs8C.jpg,
474350,It Chapter Two,4 September 2019,6.83,9828,Horror | Thriller | Drama,,https://www.themoviedb.org/movie/474350,https://image.tmdb.org/t/p/w500/zfE0R94v1E8cuKAerbskfD3VfUt.jpg,"27 tahun setelah mengatasi entitas supranatural jahat Pennywise, mantan anggota Klub Pecundang, yang telah tumbuh dan pindah dari Derry, disatukan kembali oleh panggilan telepon yang menghancurkan."
119450,Dawn of the Planet of the Apes,8 Juli 2014,7.342,12483,Science Fiction | Action | Drama | Thriller,,https://www.themoviedb.org/movie/119450,https://image.tmdb.org/t/p/w500/mSmAc9G25fhOHH45SLEeagR0qi7.jpg,
2251,Unfaithful,10 Mei 2002,6.722,1790,Thriller | Drama | Romance,,https://www.themoviedb.org/movie/2251,https://image.tmdb.org/t/p/w500/bjiHEhuiwhIygzjczbTPAA07cGc.jpg,
44912,Green Lantern,14 Juni 2011,5.19,7813,Adventure | Action | Science Fiction,,https://www.themoviedb.org/movie/44912,https://image.tmdb.org/t/p/w500/fj21HwUprqjjwTdkKC1XZurRSpV.jpg,
339403,Baby Driver,28 Juni 2017,7.444,17168,Action | Crime,,https://www.themoviedb.org/movie/339403,https://image.tmdb.org/t/p/w500/tYzFuYXmT8LOYASlFCkaPiAFAl0.jpg,"Setelah terpaksa bekerja untuk seorang bos kriminal, seorang pengemudi muda dengan keahlian meloloskan diri dari kejaran polisi terlibat dalam suatu aksi kejahatan yang gagal."
567609,Ready or Not,21 Agustus 2019,7.096,5854,Horror | Comedy,,https://www.themoviedb.org/movie/567609,https://image.tmdb.org/t/p/w500/oJD9KQFoObZmxAS1je56SIFVNJt.jpg,Malam pernikahan seorang pengantin perempuan berubah menjadi seram ketika mertuanya yang eksentrik memaksanya untuk mengambil bagian dalam permainan yang menakutkan.
680493,Return to Silent Hill,21 Januari 2026,5.375,816,Horror | Mystery,,https://www.themoviedb.org/movie/680493,https://image.tmdb.org/t/p/w500/mdw7bSnE11WpwWf3ViXtnavuqiT.jpg,"Saat James menerima surat misterius dari mendiang istrinya, Mary, ia terpanggil kembali ke Silent Hill—kota penuh kenangan yang kini ditelan kegelapan. Dalam pencarian tersebut, James harus berhadapan dengan makhluk-makhluk mengerikan. Ia perlahan mengungkap kebenaran kelam yang menyeretnya ke ambang kegilaan."
1234731,Anaconda,24 Desember 2025,5.809,1441,Adventure | Comedy | Horror,,https://www.themoviedb.org/movie/1234731,https://image.tmdb.org/t/p/w500/hBxN6dwrANN1ic3a4G9x6JZcR3C.jpg,"Sekelompok teman yang menghadapi krisis paruh baya pergi ke hutan hujan dengan tujuan membuat ulang film favorit mereka sejak masa muda, hanya untuk mendapati diri mereka berjuang demi hidup mereka melawan bencana alam, ular raksasa, dan penjahat kejam."
701387,Bugonia,23 Oktober 2025,7.288,2381,Science Fiction | Thriller | Comedy,,https://www.themoviedb.org/movie/701387,https://image.tmdb.org/t/p/w500/rSdOua3wKMEaFWDcKAYWRjXQWOt.jpg,"Dua pemuda yang terobsesi dengan teori konspirasi menculik CEO perusahaan besar yang berpengaruh, karena yakin bahwa dia adalah alien yang berniat menghancurkan planet Bumi."
273248,The Hateful Eight,25 Desember 2015,7.756,15583,Drama | Mystery | Western,,https://www.themoviedb.org/movie/273248,https://image.tmdb.org/t/p/w500/jIywvdPjia2t3eKYbjVTcwBQlG8.jpg,"Bertahun-tahun setelah Perang Sipil, pemburu bayaran beserta tawanannya dihadang badai Wyoming dan berlindung di sebuah stasiun dengan 6 orang tak dikenal yang berbahaya."
318846,The Big Short,11 Desember 2015,7.372,10066,Comedy | Drama,,https://www.themoviedb.org/movie/318846,https://image.tmdb.org/t/p/w500/scVEaJEwP8zUix8vgmMoJJ9Nq0w.jpg,Sekelompok oportunis yang cerdik meraup untung besar dari krisis ekonomi AS dengan memprediksi situasi sebelum terjadi lalu bertaruh melawan bank.
10192,Shrek Forever After,16 Mei 2010,6.414,8114,Comedy | Adventure | Fantasy | Animation | Family,,https://www.themoviedb.org/movie/10192,https://image.tmdb.org/t/p/w500/6HrfPZtKcGmX2tUWW3cnciZTaSD.jpg,"Dunia Shrek berubah drastis setelah menandatangani kontrak dengan Rumpelstiltskin. Mampukah Donkey, Fiona, dan Puss in Boots membantunya memperbaiki keadaan?"
639933,The Northman,7 April 2022,7.025,5260,Action | Adventure | Fantasy,,https://www.themoviedb.org/movie/639933,https://image.tmdb.org/t/p/w500/aSSJMnHknzKjlZ6zybwD7eyJ4Po.jpg,"Pangeran Amleth berada di ambang menjadi seorang pria ketika ayahnya dibunuh secara brutal oleh pamannya, yang menculik ibu anak laki-laki itu. Dua dekade kemudian, Amleth sekarang menjadi Viking yang menjalankan misi untuk menyelamatkan ibunya, membunuh pamannya dan membalaskan dendam ayahnya."
1011985,Kung Fu Panda 4,2 Maret 2024,6.998,3672,Animation | Action | Adventure | Comedy | Family,,https://www.themoviedb.org/movie/1011985,https://image.tmdb.org/t/p/w500/kDp1vUBnMpe8ak4rjgl3cLELqjU.jpg,
854804,Movida,25 Juni 2020,0,0,,,https://www.themoviedb.org/movie/854804,https://image.tmdb.org/t/p/w500/b4NJ1B8oOrviD7kqQRWK2qmfwp3.jpg,
929590,Civil War,10 April 2024,6.846,4543,War | Action | Drama,,https://www.themoviedb.org/movie/929590,https://image.tmdb.org/t/p/w500/sh7Rg8Er3tFcN9BpKIPOMvALgZd.jpg,"Dalam waktu dekat, sekelompok wartawan perang berusaha untuk bertahan hidup sambil melaporkan kebenaran ketika Amerika Serikat berdiri di ambang perang saudara."
377,A Nightmare on Elm Street,9 November 1984,7.351,5914,Horror,,https://www.themoviedb.org/movie/377,https://image.tmdb.org/t/p/w500/tI0RQFYevX97NSdDSYmn0Z19i3r.jpg,
893723,PAW Patrol: The Mighty Movie,21 September 2023,6.926,590,Adventure | Animation | Comedy | Family | Science Fiction,,https://www.themoviedb.org/movie/893723,https://image.tmdb.org/t/p/w500/aTvePCU7exLepwg5hWySjwxojQK.jpg,
257344,Pixels,16 Juli 2015,5.785,8185,Action | Comedy | Science Fiction | Adventure | Fantasy,,https://www.themoviedb.org/movie/257344,https://image.tmdb.org/t/p/w500/d26S5EfVXLNxRXqyFy1yyl3qRq3.jpg,
27,9 Songs,16 Juli 2004,5.531,600,Drama | Music | Romance,,https://www.themoviedb.org/movie/27,https://image.tmdb.org/t/p/w500/91O7z0vo7MiNWd5xD2BoivwbQsb.jpg,
101299,The Hunger Games: Catching Fire,15 November 2013,7.424,18747,Adventure | Action | Science Fiction,,https://www.themoviedb.org/movie/101299,https://image.tmdb.org/t/p/w500/vrQHDXjVmbYzadOXQ0UaObunoy2.jpg,
948,Halloween,24 Oktober 1978,7.556,6332,Horror | Thriller,,https://www.themoviedb.org/movie/948,https://image.tmdb.org/t/p/w500/wijlZ3HaYMvlDTPqJoTCWKFkCPU.jpg,
363088,Ant-Man and the Wasp,4 Juli 2018,6.897,14474,Action | Adventure | Science Fiction,,https://www.themoviedb.org/movie/363088,https://image.tmdb.org/t/p/w500/cFQEO687n1K6umXbInzocxcnAQz.jpg,"Saat Scott Lang mencoba untuk menyeimbangkan hidupnya sebagai seorang Pahlawan Super dan seorang ayah, Hope van Dyne dan Dr. Hank Pym mempersiapkan misi baru yang mendesak dan membuat Ant-Man bertarung bersama-sama dengan The Wasp untuk mengungkap rahasi dari masa lalu mereka."
353081,Mission: Impossible - Fallout,25 Juli 2018,7.451,9357,Action | Adventure,,https://www.themoviedb.org/movie/353081,https://image.tmdb.org/t/p/w500/AkJQpZp9WoNdj7pLYSj1L0RcMMN.jpg,Sebuah misi berakhir kacau. Ethan Hunt dan timnya harus bekerja sama dengan CIA dan beberapa wajah lama saat berpacu dengan waktu menyelamatkan dunia dari bencana nuklir.
604,The Matrix Reloaded,15 Mei 2003,7.085,12284,Adventure | Action | Thriller | Science Fiction,,https://www.themoviedb.org/movie/604,https://image.tmdb.org/t/p/w500/aA5qHS0FbSXO8PxcxUIHbDrJyuh.jpg,"Enam bulan setelah peristiwa yang digambarkan dalam The Matrix, Neo telah terbukti menjadi pertanda baik bagi manusia bebas, karena semakin banyak manusia yang dibebaskan dari matriks dan dibawa ke Zion, satu-satunya benteng Perlawanan. Neo sendiri telah menemukan kekuatan supernya termasuk kecepatan super, kemampuan untuk melihat kode benda-benda di dalam matriks dan tingkat pra-kognisi tertentu. Namun sebuah berita buruk menghantam perlawanan manusia: 250.000 mesin penjaga sedang menggali ke Zion dan akan mencapai mereka dalam 72 jam. Saat Sion bersiap menghadapi perang pamungkas, Neo, Morpheus, dan Trinity disarankan oleh Oracle untuk menemukan Pembuat Kunci yang akan membantu mereka mencapai Sumber. Sementara itu mimpi berulang Neo yang menggambarkan kematian Trinity telah membuatnya khawatir dan seolah-olah itu belum cukup, Agen Smith entah bagaimana lolos dari penghapusan, menjadi lebih kuat dari sebelumnya dan telah menetapkan Neo sebagai target berikutnya."
604079,The Long Walk,10 September 2025,6.867,1903,Science Fiction | Thriller | Horror,,https://www.themoviedb.org/movie/604079,https://image.tmdb.org/t/p/w500/wobVTa99eW0ht6c1rNNzLkazPtR.jpg,
591,The Da Vinci Code,17 Mei 2006,6.735,10297,Thriller | Mystery,,https://www.themoviedb.org/movie/591,https://image.tmdb.org/t/p/w500/9ejKfNk0LBhSI9AahH4f9NJNZNM.jpg,"Pembunuhan di Museum Louvre Paris dan petunjuk samar di beberapa lukisan Leonardo da Vinci yang paling terkenal mengarah pada penemuan misteri keagamaan. Selama 2.000 tahun, sebuah perkumpulan rahasia menjaga ketat informasi yang – jika terungkap – dapat mengguncang fondasi dasar Kekristenan."
240832,Lucy,25 Juli 2014,6.476,17354,Action | Science Fiction,,https://www.themoviedb.org/movie/240832,https://image.tmdb.org/t/p/w500/kRbpUTRNm6QbLQFPFWUcNC4czEm.jpg,"Seorang perempuan, yang tidak sengaja terjebak dalam urusan kelam, membalikkan keadaan dengan penyanderanya dan berubah menjadi pejuang tanpa ampun yang menjelma di luar logika manusia."
2048,"I, Robot",15 Juli 2004,6.97,12964,Action | Science Fiction,,https://www.themoviedb.org/movie/2048,https://image.tmdb.org/t/p/w500/efwv6F2lGaghjPpBRSINHtoEiZB.jpg,"Pada tahun 2035, di mana robot adalah tempat umum dan mematuhi tiga hukum robotika, seorang polisi techno-phobic menyelidiki insiden bunuh diri. Karena merasa curiga kepada robot yang mungkin bertanggung jawab atas kematian itu, hasil penyelidikannya membuatnya percaya bahwa manusia mungkin dalam bahaya."
50014,The Help,9 Agustus 2011,8.204,9258,Drama,,https://www.themoviedb.org/movie/50014,https://image.tmdb.org/t/p/w500/3kmfoWWEc9Vtyuaf9v5VipRgdjx.jpg,
310,Bruce Almighty,23 Mei 2003,6.728,11716,Fantasy | Comedy,,https://www.themoviedb.org/movie/310,https://image.tmdb.org/t/p/w500/wqkWrOFtYnZSvIMu8Lsmz7WIvKC.jpg,
28528,The Harder They Fall,8 Mei 1956,7.2,158,Drama,,https://www.themoviedb.org/movie/28528,https://image.tmdb.org/t/p/w500/93pUA2kAOeVlyvO1EeW8YmYIapt.jpg,
8467,Dumb and Dumber,16 Desember 1994,6.662,6907,Comedy,,https://www.themoviedb.org/movie/8467,https://image.tmdb.org/t/p/w500/4LdpBXiCyGKkR8FGHgjKlphrfUc.jpg,Sepasang sahabat yang konyol dan dungu pergi melakukan perjalanan lintas negara untuk mengembalikan koper penuh uang kepada pemiliknya yang sah.
27578,The Expendables,7 Agustus 2010,6.251,8456,Thriller | Adventure | Action,,https://www.themoviedb.org/movie/27578,https://image.tmdb.org/t/p/w500/j09ZkH6R4JWVylBcDai1laCmGw7.jpg,
346364,It,6 September 2017,7.241,20650,Horror | Thriller | Drama,,https://www.themoviedb.org/movie/346364,https://image.tmdb.org/t/p/w500/9E2y5Q7WlCVNEhP5GiVTjhEhx1o.jpg,"Di sebuah kota kecil bernama Maine, 7 anak-anak yang dikenal dengan nama The Losers Club harus berhadap-hadapan dengan masalah, perundungan dan monster yang mengambil bentuk badut yang biasa dipanggil Pennywise."
575264,Mission: Impossible - Dead Reckoning Part One,8 Juli 2023,7.5,5353,Action | Adventure | Thriller,,https://www.themoviedb.org/movie/575264,https://image.tmdb.org/t/p/w500/NNxYkU70HPurnNCSiCjYAmacwm.jpg,"Ethan Hunt dan tim IMF beraksi dalam misi paling berbahaya dari yang pernah ada: Melacak sebuah senjata jenis baru yang dapat mengancam kelangsungan umat manusia, sebelum jatuh ke tangan yang salah. Dengan kendali terhadap masa depan dan nasib dunia sebagai taruhannya, serta pihak-pihak jahat dari masa lalu Ethan yang turut mengintai, perlombaan maut lintas negara dimulai. Dihadang oleh musuh yang misterius dan berkuasa, Ethan dipaksa untuk menjadikan misi ini sebagai prioritas terpentingbahkan lebih penting dari nyawa orang-orang terdekatnya sekalipun."
568124,Encanto,13 Oktober 2021,7.566,10388,Animation | Comedy | Family | Fantasy,,https://www.themoviedb.org/movie/568124,https://image.tmdb.org/t/p/w500/4j0PNHkMr5ax3IA8tjtxcmPU3QT.jpg,"menceritakan tentang keluarga Madrigals, sebuah keluarga yang tinggal di rumah ajaib dan masing-masing anggota keluarga memiliki keajaibannya tersendiri. Pada jaman dahulu kala, Abuela bersama suami dan anak-anaknya melarikan diri dari kerusuhan di desa."
10144,The Little Mermaid,17 November 1989,7.353,8552,Animation | Family | Fantasy,,https://www.themoviedb.org/movie/10144,https://image.tmdb.org/t/p/w500/plcZXvI310FkbwIptvd6rqk63LP.jpg,
47971,xXx: Return of Xander Cage,13 Januari 2017,6.128,9321,Action | Adventure | Crime,,https://www.themoviedb.org/movie/47971,https://image.tmdb.org/t/p/w500/hba8zREJpP1AYhaXgb2oJLQeO0K.jpg,"Muncul kembali usai mengasingkan diri, Xander Cage kini beraksi untuk membantu CIA merebut kembali kotak Pandora, alat yang bisa mengubah satelit menjadi hulu ledak."
512200,Jumanji: The Next Level,4 Desember 2019,6.87,9581,Adventure | Comedy | Fantasy,,https://www.themoviedb.org/movie/512200,https://image.tmdb.org/t/p/w500/jyw8VKYEiM1UDzPB7NsisUgBeJ8.jpg,"Dalam Jumanji: The Next Level, keempat sahabat kembali lagi, tetapi permainannya telah berubah. Saat memutuskan masuk lagi ke Jumanji untuk menyelamatkan salah satu dari mereka, mereka menemukan segalanya tak seperti yang diduga. Para pemain harus melaju ke wilayah-wilayah tersembunyi dan belum dijamah, dari gurun nan gersang ke pegunungan bersalju, demi meloloskan diri dari permainan paling berbahaya di dunia."
185,A Clockwork Orange,28 Oktober 1971,8.169,14099,Science Fiction | Crime,,https://www.themoviedb.org/movie/185,https://image.tmdb.org/t/p/w500/4sHeTAp65WrSSuc05nRBKddhBxO.jpg,
420818,The Lion King,12 Juli 2019,7.1,10893,Adventure | Drama | Family | Animation,,https://www.themoviedb.org/movie/420818,https://image.tmdb.org/t/p/w500/dzBtMocZuJbjLOXvrl4zGYigDzh.jpg,"Simba mengidolakan ayahnya, Raja Mufasa, dan mengambil hati takdir kerajaannya sendiri. Tetapi tidak semua orang di kerajaan itu merayakan kedatangan anaknya yang baru. Scar, saudara lelaki Mufasa — dan mantan pewaris takhta — memiliki rencana sendiri. Pertempuran untuk Pride Rock dirusak dengan pengkhianatan, tragedi dan drama, yang akhirnya mengakibatkan pengasingan Simba. Dengan bantuan dari sepasang teman baru yang penasaran, Simba harus mencari cara untuk tumbuh dan mengambil kembali apa yang menjadi haknya."
615,The Passion of the Christ,25 Februari 2004,7.539,5329,Drama,,https://www.themoviedb.org/movie/615,https://image.tmdb.org/t/p/w500/rBM5o2HpmCfDejuIPybI09tkY3V.jpg,
226674,L'Adolescente,24 Januari 1979,4.842,19,Drama,,https://www.themoviedb.org/movie/226674,https://image.tmdb.org/t/p/w500/v7yCEzF9BCF82lbp42X5ZLjIieo.jpg,
454626,Sonic the Hedgehog,12 Februari 2020,7.271,10565,Action | Science Fiction | Comedy | Family,,https://www.themoviedb.org/movie/454626,https://image.tmdb.org/t/p/w500/aQvJ5WPzZgYVDrxLX4R6cLJCEaQ.jpg,"Mengisahkan petualangan Sonic saat ia belajar tentang kompleksitas kehidupan di bumi bersama manusia sahabat barunya, Tom Wachowski. Sonic dan Tom bersatu untuk menghentikan si jahat Dr. Robotnik yang ingin menangkap Sonic dan menggunakan kekuatan istimewanya untuk menguasai dunia."
1436219,Pizza Movies,26 Maret 2026,5.333,6,Comedy | Romance | Drama,,https://www.themoviedb.org/movie/1436219,https://image.tmdb.org/t/p/w500/9mM5O5wWuBlD47y0lAqnPX28U0S.jpg,
447404,Pokémon Detective Pikachu,3 Mei 2019,6.897,7505,Action | Adventure | Fantasy,,https://www.themoviedb.org/movie/447404,https://image.tmdb.org/t/p/w500/uhWvnFgg3BNlcUz0Re1HfQqIcCD.jpg,"Tim Goodman harus bekerja keras setelah ayahnya Harry Goodman hilang pasca mengalami sebuah kecelakaan mobil. Dalam penyelidikannya, Tim bertemu dengan Detective Pikachu. Keduanya bekerjasama mengungkap hilangnya Harry."
181812,Star Wars: Episode IX - The Rise of Skywalker,18 Desember 2019,6.248,11124,Adventure | Action | Science Fiction,,https://www.themoviedb.org/movie/181812,https://image.tmdb.org/t/p/w500/db32LaOibwEliAmSL2jjDF6oDdj.jpg,"Kelompok Resistance yang masih hidup menghadapi First Order sekali lagi saat perjalanan Rey, Finn, dan Poe Dameron berlanjut. Dengan kekuatan dan pengetahuan dari generasi ke generasi, pertempuran terakhir pun dimulai."
10494,PERFECT BLUE,28 Februari 1998,8.304,3336,Animation | Thriller,,https://www.themoviedb.org/movie/10494,https://image.tmdb.org/t/p/w500/79vujbsWEbX4dzffBV541QXN6sf.jpg,
100402,Captain America: The Winter Soldier,20 Maret 2014,7.654,20432,Action | Adventure | Science Fiction,,https://www.themoviedb.org/movie/100402,https://image.tmdb.org/t/p/w500/tVFRpFw3xTedgPGqxW0AOI8Qhh0.jpg,
373571,Godzilla: King of the Monsters,29 Mei 2019,6.686,6888,Science Fiction | Action,,https://www.themoviedb.org/movie/373571,https://image.tmdb.org/t/p/w500/mzOHg7Q5q9yUmY0b9Esu8Qe6Nnm.jpg,"Saat sekumpulan ilmuwan jahat bersiap mengatur ulang jumlah manusia dengan membangunkan monster-monster di dunia, Godzilla harus bangkit melawan para Titan pengacau itu."
1272837,28 Years Later: The Bone Temple,14 Januari 2026,7.1,1718,Horror | Thriller | Science Fiction,,https://www.themoviedb.org/movie/1272837,https://image.tmdb.org/t/p/w500/kK1BGkG3KAvWB0WMV1DfOx9yTMZ.jpg,
1949,Zodiac,2 Maret 2007,7.532,11865,Crime | Mystery | Thriller,,https://www.themoviedb.org/movie/1949,https://image.tmdb.org/t/p/w500/6YmeO4pB7XTh8P8F960O1uA14JO.jpg,
882569,Guy Ritchie's The Covenant,19 April 2023,7.719,3338,War | Action | Thriller,,https://www.themoviedb.org/movie/882569,https://image.tmdb.org/t/p/w500/kVG8zFFYrpyYLoHChuEeOGAd6Ru.jpg,
1008042,Talk to Me,26 Juli 2023,7.14,3946,Horror,,https://www.themoviedb.org/movie/1008042,https://image.tmdb.org/t/p/w500/jfmZP9RIS42XVAYTskWrVV6voen.jpg,
1470130,The Mortuary Assistant,13 Februari 2026,5.381,156,Horror | Mystery,,https://www.themoviedb.org/movie/1470130,https://image.tmdb.org/t/p/w500/7k7hY1HqUYryPdRio0fuDMaIq4N.jpg,
9487,A Bug's Life,25 November 1998,6.982,9904,Adventure | Animation | Comedy | Family,,https://www.themoviedb.org/movie/9487,https://image.tmdb.org/t/p/w500/Ah3J9OJVc2CNCuH2zMydXy9fmIC.jpg,
949536,Kill Code,16 April 2026,4.974,19,Action | Thriller | Science Fiction,,https://www.themoviedb.org/movie/949536,https://image.tmdb.org/t/p/w500/bXvSKLCillha6wxY0yxoRCM2WQl.jpg,
1091,The Thing,25 Juni 1982,8.072,8231,Horror | Mystery | Science Fiction,,https://www.themoviedb.org/movie/1091,https://image.tmdb.org/t/p/w500/tzGY49kseSE9QAKk47uuDGwnSCu.jpg,
940721,Godzilla Minus One,3 November 2023,7.595,3390,Science Fiction | Horror | Action,,https://www.themoviedb.org/movie/940721,https://image.tmdb.org/t/p/w500/buvBq2zLP7CcJth8tjrI4znvfEO.jpg,"Jepang pascaperang berada pada titik terendah ketika krisis baru muncul dalam bentuk monster raksasa, dibaptis dalam kekuatan mengerikan bom atom."
853033,불륜 동창회 2,18 Februari 2019,4.7,41,Drama | Romance,,https://www.themoviedb.org/movie/853033,https://image.tmdb.org/t/p/w500/wJHAEuL4ObSAp33T2iADrti0fAM.jpg,
1382832,Hungry,3 Juni 2026,7.017,261,Thriller | Horror,,https://www.themoviedb.org/movie/1382832,https://image.tmdb.org/t/p/w500/4uNhvGxBDiO0mU5UhxuXBsJwKF3.jpg,
70981,Prometheus,30 Mei 2012,6.608,13609,Science Fiction | Mystery | Horror,,https://www.themoviedb.org/movie/70981,https://image.tmdb.org/t/p/w500/qsYQflQhOuhDpQ0W2aOcwqgDAeI.jpg,
338953,Fantastic Beasts: The Secrets of Dumbledore,6 April 2022,6.623,5237,Fantasy | Adventure,,https://www.themoviedb.org/movie/338953,https://image.tmdb.org/t/p/w500/3c5GNLB4yRSLBby0trHoA1DSQxQ.jpg,"Film yang juga dikenal dengan Fantastic Beast 3 ini akan mengawali kisahnya dari Newt Scamander yang menolong qilin. Ini adalah hewan ajaib yang bisa mengetahui ketulusan hati seseorang. Namun dalam proses penyelamatannya, ia dihadang anak buah Grindelwald. Mereka berhasil menghabisi induk qilin dan satu anaknya, sementara kembaran si anak qilin berhasil dibawa Scamander.  Inilah yang nantinya akan menjadi misi penyelamatan dunia yang unik dari kejahatan Grindelwald. Albus Dumbledore tak tinggal diam. Ia membentuk pasukan untuk mengamankan qilin. Selain itu, hewan ini nantinya akan dibawa dalam pemilihan kepemimpinan dunia sihir.  Para anggota dari kelompok Dumbledore terdiri dari saudara Scamander, Theseus, penyihir Amerika yakni Lally, Yusuf Kama, seorang muggle yaitu Jacob Kowalski dan Tina. Dumbledore mempersiapkan beberapa koper untuk anggota tersebut, di mana salah satunya berisi qilin. Kali ini, anda bisa menebak siapa diantara mereka yang membawa hewan ajaib tersebut."
376867,Moonlight,21 Oktober 2016,7.355,7671,Drama,,https://www.themoviedb.org/movie/376867,https://image.tmdb.org/t/p/w500/qLnfEmPrDjJfPyyddLJPkXmshkp.jpg,
1538273,ப்யார் ப்ரேமா கல்யாணம்,21 Agustus 2026,7.208,12,Romance | Comedy | Drama,,https://www.themoviedb.org/movie/1538273,https://image.tmdb.org/t/p/w500/AjaNAeMXOrK9n0YqGqX0Lz5qxYu.jpg,
1579,Apocalypto,7 Desember 2006,7.663,6653,Action | Drama | History,,https://www.themoviedb.org/movie/1579,https://image.tmdb.org/t/p/w500/cRY25Q32kDNPFDkFkxAs6bgCq3L.jpg,"Berlatar belakang peradaban Maya, saat kehidupan seorang pria yang indah diganggu secara brutal oleh kekuatan penyerang yang kejam, ia dibawa dalam perjalanan berbahaya ke dunia yang dikuasai oleh rasa takut dan penindasan, di mana akhir yang mengerikan menantinya. Melalui likuan takdir dan didorong oleh kekuatan cintanya kepada wanita dan keluarganya, ia akan melakukan perjalanan yang putus asa untuk kembali ke rumah dan pada akhirnya menyelamatkan jalan hidupnya."
291805,Now You See Me 2,2 Juni 2016,6.823,11787,Crime | Thriller,,https://www.themoviedb.org/movie/291805,https://image.tmdb.org/t/p/w500/A81kDB6a1K86YLlcOtZB27jriJh.jpg,Satu tahun setelah mereka mengelabui para FBI dan mendapat pujian dari masyarakat luas dengan teknik ilusi yang lebih tinggi lagi dan membawa mereka ke seluruh dunia.
616,The Last Samurai,5 Desember 2003,7.612,7754,Drama | Action | War,,https://www.themoviedb.org/movie/616,https://image.tmdb.org/t/p/w500/a8jmJPs5eZBARmnuEEvZwbjwyz4.jpg,"Veteran perang Amerika ini direkrut untuk mengajarkan taktik militer modern di Jepang tahun 1870-an, lalu terjebak di dalam konflik antara sang kaisar dan para samurai."
82702,How to Train Your Dragon 2,5 Juni 2014,7.685,10661,Fantasy | Action | Adventure | Animation | Family,,https://www.themoviedb.org/movie/82702,https://image.tmdb.org/t/p/w500/d13Uj86LdbDLrfDoHR5aDOFYyJC.jpg,"Hiccup, Toothless, dan seorang penunggang naga misterius bergabung untuk melindungi pulau Berk dari kesatria gila kuasa yang memiliki pasukan naganya sendiri."
137,Groundhog Day,11 Februari 1993,7.635,9145,Romance | Fantasy | Comedy,,https://www.themoviedb.org/movie/137,https://image.tmdb.org/t/p/w500/gCgt1WARPZaXnq523ySQEUKinCs.jpg,
1383731,Protector,20 Februari 2026,8.4,573,Action | Thriller | Crime,,https://www.themoviedb.org/movie/1383731,https://image.tmdb.org/t/p/w500/icOZpnGuH9YrEaW3wrw5GJaXGih.jpg,
749170,Heads of State,24 Juni 2025,6.818,1134,Action | Thriller | Comedy,,https://www.themoviedb.org/movie/749170,https://image.tmdb.org/t/p/w500/lVgE5oLzf7ABmzyASEVcjYyHI41.jpg,"PM Inggris dan Presiden AS memiliki persaingan publik yang membahayakan aliansi negara mereka. Namun, ketika menjadi target musuh yang kuat, mereka terpaksa saling bergantung dalam perjalanan lintas negara yang gila. Bersekutu dengan Noel, agen MI6 yang brilian, mereka harus mencari cara untuk menggagalkan konspirasi yang mengancam kebebasan dunia."
10198,The Princess and the Frog,8 Desember 2009,7.235,6270,Animation | Romance | Fantasy | Family,,https://www.themoviedb.org/movie/10198,https://image.tmdb.org/t/p/w500/yprv5PbnEksoVj2v6XEnDBg9joR.jpg,
1159831,The Bride!,4 Maret 2026,6.108,647,Science Fiction | Horror | Fantasy,,https://www.themoviedb.org/movie/1159831,https://image.tmdb.org/t/p/w500/lV8YHwGkYZsm6EfIqnhaSz2avKt.jpg,
624860,The Matrix Resurrections,16 Desember 2021,6.307,6703,Science Fiction | Action | Adventure,,https://www.themoviedb.org/movie/624860,https://image.tmdb.org/t/p/w500/8c4a8kE7PizaGQQnditMmI1xbRp.jpg,"Kisah Neo berlanjut, perjuangan kali ini akan lebih sulit dari sebelumnya. Perang antara dua dunia kembali lagi terjadi. Diganggu oleh kenangan aneh, kehidupan Neo berubah secara tak terduga ketika dia menemukan dirinya kembali kedalam Matrix."
8681,Taken,18 Februari 2008,7.411,12365,Action | Thriller,,https://www.themoviedb.org/movie/8681,https://image.tmdb.org/t/p/w500/ognkaUSNgJe1a2pjB4UNdzEo5jT.jpg,"Saat berlibur bersama temannya di Paris, seorang gadis Amerika diculik oleh sekelompok pedagang manusia yang bermaksud menjualnya ke prostitusi paksa. Bekerja melawan waktu, ayah mantan mata-matanya harus berusaha sekuat tenaga untuk menyelamatkannya. Namun dengan tahun-tahun terbaiknya yang mungkin telah berlalu, pekerjaan itu mungkin lebih dari yang bisa dia tangani."
438148,Minions: The Rise of Gru,29 Juni 2022,7.259,4165,Animation | Comedy | Science Fiction | Crime | Family,,https://www.themoviedb.org/movie/438148,https://image.tmdb.org/t/p/w500/wKiOkZTN9lUUUNZLmtnwubZYONg.jpg,"Seorang penggemar kelompok penjahat super yang dikenal sebagai Vicious 6, Gru menyusun rencana untuk menjadi cukup jahat untuk bergabung dengan mereka, dengan dukungan pengikutnya, para Minion."
573435,Bad Boys: Ride or Die,5 Juni 2024,7.314,3459,Action | Comedy | Crime,,https://www.themoviedb.org/movie/573435,https://image.tmdb.org/t/p/w500/oGythE98MYleE6mZlGs5oBGkux1.jpg,
73,American History X,1 Juli 1998,8.324,12881,Drama,,https://www.themoviedb.org/movie/73,https://image.tmdb.org/t/p/w500/x2drgoXYZ8484lqyDj7L1CEVR4T.jpg,
1228246,Five Nights at Freddy's 2,3 Desember 2025,6.6,1166,Horror | Thriller,,https://www.themoviedb.org/movie/1228246,https://image.tmdb.org/t/p/w500/udAxQEORq2I5wxI97N2TEqdhzBE.jpg,
620,Ghostbusters,8 Juni 1984,7.497,9971,Comedy | Fantasy,,https://www.themoviedb.org/movie/620,https://image.tmdb.org/t/p/w500/7E8nLijS9AwwUEPu2oFYOVKhdFA.jpg,
337404,Cruella,26 Mei 2021,7.966,10285,Comedy | Crime | Family,,https://www.themoviedb.org/movie/337404,https://image.tmdb.org/t/p/w500/hjS9mH8KvRiGHgjk6VUZH7OT0Ng.jpg,"Di London tahun 1970-an di tengah revolusi punk rock, seorang grifter muda bernama Estella bertekad untuk membuat nama untuk dirinya sendiri dengan desainnya. Dia berteman dengan sepasang pencuri muda yang menghargai seleranya akan kenakalan, dan bersama-sama mereka mampu membangun kehidupan untuk diri mereka sendiri di jalanan London. Suatu hari, bakat mode Estella menarik perhatian Baroness von Hellman, seorang legenda mode yang sangat chic dan sangat haute. Tetapi hubungan mereka menggerakkan serangkaian peristiwa dan pengungkapan yang akan menyebabkan Estella merangkul sisi jahatnya dan menjadi Cruella yang parau, modis, dan suka balas dendam."
1173559,Insidious Inferno,29 November 2024,4.8,31,Horror,,https://www.themoviedb.org/movie/1173559,https://image.tmdb.org/t/p/w500/8kljUAovBatZRYp2ye2RZr239hU.jpg,
297802,Aquaman,7 Desember 2018,6.864,15186,Action | Adventure | Fantasy,,https://www.themoviedb.org/movie/297802,https://image.tmdb.org/t/p/w500/ufl63EFcc5XpByEV2Ecdw6WJZAI.jpg,
9470,Kung Fu Hustle,10 Februari 2004,7.518,3315,Action | Comedy | Crime | Fantasy,,https://www.themoviedb.org/movie/9470,https://image.tmdb.org/t/p/w500/exbyTbrvRUDKN2mcNEuVor4VFQW.jpg,"Saat itu tahun 1940-an, dan Geng Kapak yang terkenal meneror Shanghai. Penjahat kelas teri Sing dan Bone berharap untuk bergabung, tetapi mereka hanya berhasil mendapatkan banyak musuh yang sangat berbahaya. Beruntung bagi mereka, para ahli kung fu dan kekuatan tersembunyi dapat ditemukan di tempat-tempat yang tidak terduga. Sekarang mereka hanya perlu menghadapi seluruh Geng Kapak."
1771,Kapten Amerika: Avenger Pertama,22 Juli 2011,7.011,23204,Action | Adventure | Science Fiction,,https://www.themoviedb.org/movie/1771,https://image.tmdb.org/t/p/w500/vSNxAJTlD0r02V9sPYpOjqDZXUK.jpg,"Seorang pemuda sakit-sakitan yang berusaha untuk mendaftarkan diri di Angkatan Darat Amerika Serikat pada tahun 1943 untuk melawan Nazi, tetapi dianggap tidak layak secara fisik. Kemudian dia justru menawarkan diri untuk menjadi relawan dalam sebuah proyek yang disebut Rebirth, sebuah operasi militer rahasia untuk membantu upaya perang Amerika Serikat yang menggunakan serum tertentu untuk mengubah Steve Rogers ke puncak kesempurnaan manusia dan menjadi tentara super."
1236153,Mercy,19 Januari 2026,7.1,1669,Science Fiction | Thriller | Crime | Mystery,,https://www.themoviedb.org/movie/1236153,https://image.tmdb.org/t/p/w500/pyok1kZJCfyuFapYXzHcy7BLlQa.jpg,
941109,Play Dirty,30 September 2025,6.602,708,Crime | Action | Thriller,,https://www.themoviedb.org/movie/941109,https://image.tmdb.org/t/p/w500/ovZ0zq0NwRghtWI1oLaM0lWuoEw.jpg,"Seorang pencuri ulung melancarkan aksi pencurian terbesar seumur hidupnya dalam Play Dirty, film thriller penuh aksi dari sutradara, Shane Black. Parker bersama Grofield, Zen, dan kawanan yang ahli mendapati sebuah pekerjaan yang mengadu mereka melawan mafia New York dalam aksi yang licik dan kelam ini."
1084199,Companion,22 Januari 2025,7.006,2601,Horror | Science Fiction | Thriller,,https://www.themoviedb.org/movie/1084199,https://image.tmdb.org/t/p/w500/oCoTgC3UyWGfyQ9thE10ulWR7bn.jpg,Liburan akhir pekan bersama teman-teman di kabin terpencil berubah menjadi kekacauan setelah terungkap bahwa salah satu tamu tidak seperti yang terlihat.
1124620,The Monkey,10 Februari 2025,5.965,1441,Horror | Comedy,,https://www.themoviedb.org/movie/1124620,https://image.tmdb.org/t/p/w500/aGDekyIb0yfmnuLZciCozRPk2TE.jpg,"Ketika saudara kembar menemukan seekor monyet misterius yang dapat digerakkan, serangkaian kematian yang memalukan menghancurkan keluarga mereka. Dua puluh lima tahun kemudian, monyet itu memulai aksi pembunuhan baru, memaksa saudara-saudara yang terasing ini untuk menghadapi mainan terkutuk itu."
937287,Challengers,18 April 2024,6.9,2835,Drama | Romance,,https://www.themoviedb.org/movie/937287,https://image.tmdb.org/t/p/w500/H6vke7zGiuLsz4v4RPeReb9rsv.jpg,"Untuk mengejutkannya dari kekalahan beruntun baru-baru ini, seorang pemain tenis yang jadi pelatih mengajak suaminya yang terkenal di dunia, juara grand slam, bermain di acara ""Challenger"" melawan mantan sahabatnya...sekaligus mantan pacarnya ."
102651,Maleficent,28 Mei 2014,7.09,13925,Fantasy | Adventure | Action | Family | Romance,,https://www.themoviedb.org/movie/102651,https://image.tmdb.org/t/p/w500/ik8PugpL41s137RAWEGTAWu0dPo.jpg,"Seorang wanita muda yang cantik dan berhati murni, Maleficent memiliki kehidupan yang indah tumbuh di kerajaan hutan yang damai, sampai suatu hari ketika tentara menyerang mengancam keharmonisan tanah. Maleficent naik menjadi pelindung paling ganas di negeri itu, tetapi dia akhirnya mengalami pengkhianatan yang kejam – suatu tindakan yang mulai mengubah hatinya menjadi batu. Bertekad untuk membalas dendam, Maleficent menghadapi pertempuran epik dengan penerus Raja yang menyerang dan, sebagai hasilnya, mengutuk bayi Aurora yang baru lahir. Saat anak itu tumbuh, Maleficent menyadari bahwa Aurora memegang kunci perdamaian di kerajaan – dan kebahagiaan sejati Maleficent juga."
1497463,Todo lo que nunca fuimos,4 Juni 2026,8.1,94,Drama | Romance,,https://www.themoviedb.org/movie/1497463,https://image.tmdb.org/t/p/w500/zqxIT48mWFsC4NSjGEHAcp1pjEo.jpg,
1263337,Heart of the Beast,19 September 2026,0,0,Adventure | Thriller,,https://www.themoviedb.org/movie/1263337,https://image.tmdb.org/t/p/w500/1ApfSA8JTqeha3GTFEY8syV4auq.jpg,
87,Indiana Jones and the Temple of Doom,23 Mei 1984,7.309,10356,Adventure | Action,,https://www.themoviedb.org/movie/87,https://image.tmdb.org/t/p/w500/gpdVNUaa4LhRMLfJOPj1AZdhAZ3.jpg,"Pada tahun 1935, Indiana Jones ditugaskan oleh penduduk desa India untuk merebut kembali batu yang dicuri dari mereka oleh sekte rahasia di bawah katakombe sebuah istana kuno."
290859,Terminator: Dark Fate,23 Oktober 2019,6.422,5840,Science Fiction | Action | Adventure | Thriller,,https://www.themoviedb.org/movie/290859,https://image.tmdb.org/t/p/w500/vqzNJRH4YyquRiWxCCOH0aXggHI.jpg,"Latar waktu Dark Fate diambil 2 dekade setelah Sarah Connor mencegah Judment Day, mengubah masa depan, dan menulis ulang nasib umat manusia. Dani Ramos (Natalia Reyes) menjalani kehidupan sederhana di Meksiko bersama saudara lelakinya (Diego Boneta) dan ayahnya. Hidup Dani berjalan baik hingga datang seorang Terminator seri Rev-9 (Gabriel Luna) yang sangat canggih dan datang dari masa depan untuk membunuhnya. Kelangsungan hidup Dani bergantung pada kekuatannya bersama Grace (Mackenzie Davis), Grace, seorang manusia super yang juga dikirim dari masa depan dan seorang Sarah Connor (Linda Hamilton). Keduanya membantu Dani melawan Terminator itu. Rev 9 dikirim ke masa lalu untuk menghentikan manusia bangkit dan mengambil alih Skynet. Rev 9 tampak seperti kombinasi dari T-800 dan T-1000, seperti yang terlihat dalam The"
823219,Flow,29 Agustus 2024,8.064,3038,Adventure | Animation | Family | Fantasy,,https://www.themoviedb.org/movie/823219,https://image.tmdb.org/t/p/w500/srwwY0QG8x3Q306cnfjT1ymRTgn.jpg,"Kucing adalah hewan yang suka menyendiri, tetapi karena rumahnya hancur akibat banjir besar, ia menemukan tempat berlindung di atas kapal yang dihuni oleh berbagai spesies, dan harus bekerja sama dengan mereka terlepas dari perbedaan mereka."
1288341,Seven Snipers,30 April 2026,6.1,128,Action | Thriller,,https://www.themoviedb.org/movie/1288341,https://image.tmdb.org/t/p/w500/pK6tGCG6UAgUT5FTq3ylGErHxQQ.jpg,
1734,The Mummy Returns,4 Mei 2001,6.417,7886,Adventure | Action | Fantasy,,https://www.themoviedb.org/movie/1734,https://image.tmdb.org/t/p/w500/kdJsW7hcy1lrj7tdMPycTAQPAiR.jpg,"Rick dan Evelyn O'Connell, bersama putra mereka Alex yang berusia 8 tahun, menemukan kunci kekuatan Raja Kalajengking yang legendaris: Gelang Anubis yang legendaris. Sayangnya, Imhotep yang baru dibangkitkan juga memiliki desain pada gelang itu, dan tidak segan-segan menculik pembawa barunya, Alex, untuk mendapatkan kendali atas pasukan dunia lain Anubis."
98566,Teenage Mutant Ninja Turtles,7 Agustus 2014,5.932,7308,Science Fiction | Action | Adventure | Comedy,,https://www.themoviedb.org/movie/98566,https://image.tmdb.org/t/p/w500/azL2ThbJMIkts3ZMt3j1YgBUeDB.jpg,
1813,The Devil's Advocate,17 Oktober 1997,7.481,7020,Horror | Drama | Mystery,,https://www.themoviedb.org/movie/1813,https://image.tmdb.org/t/p/w500/5ZzBGpxy55OQzHxKVY11IpY6a0o.jpg,
1665287,Tura do Strazbura,3 April 2026,10,1,Documentary,,https://www.themoviedb.org/movie/1665287,https://image.tmdb.org/t/p/w500/9ku6cytnYJd8yjEBGitfTA2Ya9y.jpg,
11423,살인의 추억,25 April 2003,8.061,4792,Crime | Drama | Thriller,,https://www.themoviedb.org/movie/11423,https://image.tmdb.org/t/p/w500/wrsf1ebQ6S4gVhjR9FJElfdxAjj.jpg,
14,American Beauty,15 September 1999,7.996,13323,Drama,,https://www.themoviedb.org/movie/14,https://image.tmdb.org/t/p/w500/wby9315QzVKdW9BonAefg8jGTTb.jpg,
561,Constantine,8 Februari 2005,7.204,8514,Fantasy | Action | Horror,,https://www.themoviedb.org/movie/561,https://image.tmdb.org/t/p/w500/vPYgvd2MwHlxTamAOjwVQp4qs1W.jpg,
8358,Cast Away,22 Desember 2000,7.668,12530,Adventure | Drama,,https://www.themoviedb.org/movie/8358,https://image.tmdb.org/t/p/w500/7lLJgKnAicAcR5UEuo8xhSMj18w.jpg,"Setelah terdampar di pulau terpencil karena kecelakaan pesawat, selama bertahun-tahun pria ini berjuang untuk bertahan hidup sambil berharap kelak ia bisa kembali pulang."
87827,Life of Pi,20 November 2012,7.413,13999,Adventure | Drama,,https://www.themoviedb.org/movie/87827,https://image.tmdb.org/t/p/w500/iLgRu4hhSr6V1uManX6ukDriiSc.jpg,
93456,Despicable Me 2,26 Juni 2013,6.948,12215,Animation | Comedy | Family | Science Fiction,,https://www.themoviedb.org/movie/93456,https://image.tmdb.org/t/p/w500/5Fh4NdoEnCjCK9wLjdJ9DJNFl2b.jpg,"Lebih banyak peralatan, minion, dan kekacauan! Gru insaf dari kejahatannya demi merawat putri-putrinya, lalu suatu agensi rahasia merekrutnya untuk membasmi kejahatan."
653346,Kerajaan Planet Kera,8 Mei 2024,7.053,4437,Science Fiction | Adventure | Action,,https://www.themoviedb.org/movie/653346,https://image.tmdb.org/t/p/w500/gKkl37BQuKTanygYQG1pyYgLVgf.jpg,"Beberapa generasi di masa depan setelah pemerintahan Kaisar, kera kini menjadi spesies dominan dan hidup harmonis sementara manusia terpaksa hidup dalam bayang-bayang. Saat pemimpin kera baru yang kejam membangun kerajaannya, seekor kera muda melakukan perjalanan mengerikan yang akan menyebabkan dia mempertanyakan semua yang telah dia ketahui tentang masa lalu dan membuat pilihan yang akan menentukan masa depan kera dan manusia."
80321,Madagascar 3: Europe's Most Wanted,6 Juni 2012,6.648,6712,Animation | Family | Comedy | Adventure,,https://www.themoviedb.org/movie/80321,https://image.tmdb.org/t/p/w500/ekraj4ksvIKeuvQVEevEJkuybZd.jpg,"Usai berpetualang di Afrika, Alex dan teman-temannya menargetkan kawasan New York City. Kali ini, mereka menumpang para pemain sirkus keliling."
1278,The Dreamers,10 Oktober 2003,7.18,3159,Drama | Romance,,https://www.themoviedb.org/movie/1278,https://image.tmdb.org/t/p/w500/gBb7GGaFYPu7nEUYvC8G4LaJJN1.jpg,
287424,Maggie,8 Mei 2015,5.407,1708,Horror | Drama | Science Fiction,,https://www.themoviedb.org/movie/287424,https://image.tmdb.org/t/p/w500/twa9gXjocLM629sJrQYVtmF306R.jpg,
402,Basic Instinct,20 Maret 1992,6.946,4521,Thriller | Mystery,,https://www.themoviedb.org/movie/402,https://image.tmdb.org/t/p/w500/76Ts0yoHk8kVQj9MMnoMixhRWoh.jpg,"Basic Instinct adalah film bergenre detektif yang dibumbui dengan unsur misteri, thriller, klasik, dan erotisme. Film garapan sutradara Paul Verhoeven ini dibintangi oleh Sharon Stone, Michael Douglas, George Dzundza, dan Jeanne. Sejak dirilis pada tahun 1992, film ini menjadi salah satu film paling kontroversial hingga 1993. Bahkan pada awal tahun 2000 masih ramai diperbincangkan karena saat itu Sharon Stone sedang naik daun, ditambah beberapa potongan adegan yang tergolong pana"
698687,Transformers One,11 September 2024,7.982,1757,Animation | Science Fiction | Adventure | Family,,https://www.themoviedb.org/movie/698687,https://image.tmdb.org/t/p/w500/iRCgqpdVE4wyLQvGYU3ZP7pAtUc.jpg,"Kisah asal usul Optimus Prime dan Megatron yang belum pernah diceritakan, yang lebih dikenal sebagai musuh bebuyutan, tetapi dulunya berteman dan terikat seperti saudara, yang mengubah nasib Cybertron selamanya."
420809,Maleficent: Mistress of Evil,16 Oktober 2019,7.293,6602,Family | Fantasy | Adventure,,https://www.themoviedb.org/movie/420809,https://image.tmdb.org/t/p/w500/vloNTScJ3w7jwNwtNGoG8DbTThv.jpg,Maleficent (Angelina Jolie) dan putri angkatnya Aurora (Elle Fanning) mulai berseteru dan mempertanyakan arti keluarga saat keduanya memiliki pandangan yang berbeda. Sebuah pernikahan yang diinginkan Aurora dan ditentang Maleficent. Aliansi serta pasukan gelap baru yang akan melanjutkan petualangan
1170608,Dune: Part Three,15 Desember 2026,0,0,Science Fiction | Adventure,,https://www.themoviedb.org/movie/1170608,https://image.tmdb.org/t/p/w500/d43fvHQsIMa4kpyhKXw0haEJIvI.jpg,Bagian ketiga dan terakhir dari trilogi Dune karya Villeneuve. Berdasarkan novel Dune Messiah karya Frank Herbert.
2501,The Bourne Identity,14 Juni 2002,7.486,10365,Action | Mystery | Thriller,,https://www.themoviedb.org/movie/2501,https://image.tmdb.org/t/p/w500/aP8swke3gmowbkfZ6lmNidu0y9p.jpg,"Terluka dan menderita amnesia, Jason Bourne mulai merekonstruksi kembali hidupnya. Namun, ia mendapati banyak orang yang ditemuinya justru menginginkan kematiannya."
387732,Mujeres infieles 2,14 Maret 2003,6.182,33,Drama,,https://www.themoviedb.org/movie/387732,https://image.tmdb.org/t/p/w500/zNRXDEX5JTl2SgKj6TGa1SCHtdv.jpg,
1477712,Ice Cream Man,3 Agustus 2026,4.444,54,Horror | Comedy,,https://www.themoviedb.org/movie/1477712,https://image.tmdb.org/t/p/w500/c987gxFjXqYOxZEZKcTkS1ONTWH.jpg,
63,Twelve Monkeys,29 Desember 1995,7.613,9371,Science Fiction | Thriller | Mystery,,https://www.themoviedb.org/movie/63,https://image.tmdb.org/t/p/w500/gt3iyguaCIw8DpQZI1LIN5TohM2.jpg,"Pada tahun 2035, terpidana James Cole dengan enggan sukarela dikirim kembali ke masa lalu untuk menemukan asal usul virus mematikan yang memusnahkan hampir semua populasi bumi dan memaksa para penyintas masuk ke komunitas bawah tanah. Tapi ketika Cole keliru dikirim ke 1990 bukannya 1996, dia ditangkap dan dikurung di rumah sakit jiwa. Di sana ia bertemu dengan psikiater Dr. Kathryn Railly, dan pasien Jeffrey Goines, putra seorang ahli virus terkenal, yang mungkin memegang kunci kelompok nakal misterius, Tentara 12 Monyet, yang dianggap bertanggung jawab untuk melepaskan penyakit pembunuh."
1743296,Canelones,6 Agustus 2026,5,1,Comedy | Thriller,,https://www.themoviedb.org/movie/1743296,https://image.tmdb.org/t/p/w500/s2g8wLNs6G5XYa5ivfUNuWbQTKQ.jpg,
1064213,Anora,14 Oktober 2024,7.1,3424,Drama | Comedy | Romance,,https://www.themoviedb.org/movie/1064213,https://image.tmdb.org/t/p/w500/cgXk2tNYhJZLXdBDO5DidAVzQ82.jpg,"Seorang pekerja seks muda dari Brooklyn mendapatkan kesempatan di cerita Cinderella ketika dia bertemu dan secara impulsif menikahi putra seorang oligarki. Setelah berita mencapai Rusia, dongengnya terancam ketika orang tuanya berangkat untuk membuat pernikahan dibatalkan."
854,The Mask,29 Juli 1994,6.994,11559,Comedy | Fantasy | Crime | Romance,,https://www.themoviedb.org/movie/854,https://image.tmdb.org/t/p/w500/jPC2eYub74zwf2tPGVtzSlBW6Oy.jpg,
439079,The Nun,5 September 2018,5.91,7295,Horror,,https://www.themoviedb.org/movie/439079,https://image.tmdb.org/t/p/w500/sFC1ElvoKGdHJIWRpNB3xWJ9lJA.jpg,"Ketika seorang biarawati muda di biara terpencil Rumania mengorbankan hidupnya sendiri, seorang pendeta dengan masa lalu yang kelam dan seorang calon biarawati dikirim oleh Vatikan untuk menyelidiki peristiwa ini. Bersama-sama mereka membuka rahasia rahasia yang tidak terduga.  Mempertaruhkan tidak hanya hidup mereka tetapi iman mereka dan jiwa mereka, keduanya menghadapi kekuatan jahat dalam bentuk iblis biarawati yang pertama kali meneror para penonton di The Conjuring 2. Seketika itu biara tersebut menjadi medan pertempuran yang mengerikan antara yang hidup dan yang terkutuk."
787699,Wonka,6 Desember 2023,7.033,4545,Comedy | Family | Fantasy,,https://www.themoviedb.org/movie/787699,https://image.tmdb.org/t/p/w500/qhb1qOilapbapxWQn9jtRCMwXJF.jpg,
82976,Les Novices,1 April 1970,4.8,13,Comedy | Drama,,https://www.themoviedb.org/movie/82976,https://image.tmdb.org/t/p/w500/4Ppq2oJPnEqSeyliPG9QbCHUL0q.jpg,
602,Independence Day,2 Juli 1996,6.917,10712,Action | Adventure | Science Fiction,,https://www.themoviedb.org/movie/602,https://image.tmdb.org/t/p/w500/p0BPQGSPoSa8Ml0DAf2mB2kCU0R.jpg,
343668,Kingsman: The Golden Circle,20 September 2017,6.941,11350,Crime | Comedy | Action,,https://www.themoviedb.org/movie/343668,https://image.tmdb.org/t/p/w500/34xBL6BXNYFqtHO9zhcgoakS4aP.jpg,"Saat  kantor pusat Kingsman diserang oleh musuh yang baru muncul, Eggsy dan Merlin harus bekerja sama organisasi Amerika yang dikenal dengan nama Statesman untuk menyelamatkan dunia."
8363,Superbad,17 Agustus 2007,7.272,8344,Comedy,,https://www.themoviedb.org/movie/8363,https://image.tmdb.org/t/p/w500/ek8e8txUyUwd2BNqj6lFEerJfbq.jpg,
398818,Call Me by Your Name,1 Oktober 2017,8.1,12942,Romance | Drama,,https://www.themoviedb.org/movie/398818,https://image.tmdb.org/t/p/w500/gXiE0WveDnT0n5J4sW9TMxXF4oT.jpg,
1250,Ghost Rider,15 Januari 2007,5.619,6636,Thriller | Action | Fantasy,,https://www.themoviedb.org/movie/1250,https://image.tmdb.org/t/p/w500/4quwR1VwZouD0YF9AaD72kQAjxH.jpg,"Ketika pengendara sepeda motor Johnny Blaze menjual jiwanya kepada Iblis untuk menyelamatkan nyawa ayahnya, dia berubah menjadi Ghost Rider, pemburu bayaran Iblis sendiri, dan dikirim untuk memburu para pendosa."
9340,The Goonies,7 Juni 1985,7.512,6391,Adventure | Comedy | Family,,https://www.themoviedb.org/movie/9340,https://image.tmdb.org/t/p/w500/eBU7gCjTCj9n2LTxvCSIXXOvHkD.jpg,
4951,10 Things I Hate About You,30 Maret 1999,7.597,9128,Comedy | Romance | Drama,,https://www.themoviedb.org/movie/4951,https://image.tmdb.org/t/p/w500/ujERk3aKABXU3NDXOAxEQYTHe9A.jpg,
1411921,The Land is Ours,14 Januari 1997,0,0,Documentary,,https://www.themoviedb.org/movie/1411921,https://image.tmdb.org/t/p/w500/lZ1ND2mvuetKgazzuUPLfdqmx3G.jpg,
1891,Star Wars: Episode V - The Empire Strikes Back,20 Mei 1980,8.393,18819,Adventure | Action | Science Fiction,,https://www.themoviedb.org/movie/1891,https://image.tmdb.org/t/p/w500/nNAeTmF4CtdSgMDplXTDPOpYzsX.jpg,"Kisah epik ini berlanjut saat Luke Skywalker, dengan harapan mengalahkan Kekaisaran Galaksi yang jahat, mempelajari cara-cara Jedi dari guru tua Yoda. Namun Darth Vader lebih bertekad dari sebelumnya untuk menangkap Luke. Sementara itu, pemimpin pemberontak Putri Leia, Han Solo yang sombong, Chewbacca, dan droid C-3PO dan R2-D2 dilemparkan ke berbagai tahap penangkapan, pengkhianatan, dan keputusasaan."
268,Batman,21 Juni 1989,7.233,8773,Fantasy | Action | Crime,,https://www.themoviedb.org/movie/268,https://image.tmdb.org/t/p/w500/cij4dd21v2Rk2YtUQbV5kW69WB2.jpg,
1357633,俺だけレベルアップな件 -ReAwakening-,26 November 2024,7.163,283,Action | Adventure | Fantasy | Animation,,https://www.themoviedb.org/movie/1357633,https://image.tmdb.org/t/p/w500/gjemx47qD8xtuuGcsdWqlFXWR0b.jpg,
2668,Sleepy Hollow,19 November 1999,7.195,7557,Fantasy | Thriller | Mystery | Horror,,https://www.themoviedb.org/movie/2668,https://image.tmdb.org/t/p/w500/1GuK965FLJxqUw9fd1pmvjbFAlv.jpg,
331482,Little Women,25 Desember 2019,7.841,6993,Drama | Romance,,https://www.themoviedb.org/movie/331482,https://image.tmdb.org/t/p/w500/yn5ihODtZ7ofn8pDYfxCmxh8AXI.jpg,"Jo March mengingat kembali hidupnya di masa lalu hingga kini, menuturkan kisah kakak beradik March - empat gadis muda yang semuanya bertekad untuk menjalani hidup menurut pilihan masing-masing."
1315303,Primate,1 Januari 2026,6.5,876,Horror | Thriller,,https://www.themoviedb.org/movie/1315303,https://image.tmdb.org/t/p/w500/rKleYiEj4pFqxedTRWfujLooi84.jpg,
399055,The Shape of Water,1 Desember 2017,7.232,13061,Drama | Fantasy | Romance,,https://www.themoviedb.org/movie/399055,https://image.tmdb.org/t/p/w500/9zfwPffUXpBrEP26yp0q1ckXDcj.jpg,
1584215,The Internship,13 Januari 2026,6.434,145,Action,,https://www.themoviedb.org/movie/1584215,https://image.tmdb.org/t/p/w500/fYqSOkix4rbDiZW0ACNnvZCpT6X.jpg,
1650558,Abot Langit,13 Maret 2026,6,2,Romance,,https://www.themoviedb.org/movie/1650558,https://image.tmdb.org/t/p/w500/5lVYe4aSimWdxJINKwq9s68TZ2G.jpg,
5503,The Fugitive,6 Agustus 1993,7.488,4939,Action | Thriller | Drama,,https://www.themoviedb.org/movie/5503,https://image.tmdb.org/t/p/w500/b3rEtLKyOnF89mcK75GXDXdmOEf.jpg,
286687,화려한 외출,5 Desember 2013,6.814,43,Romance | Drama | Comedy,,https://www.themoviedb.org/movie/286687,https://image.tmdb.org/t/p/w500/1bMvC9fOTQSfwIGwXBJNcy2cV9N.jpg,
253350,La cugina,26 Juli 1974,5.438,16,Comedy | Drama,,https://www.themoviedb.org/movie/253350,https://image.tmdb.org/t/p/w500/4EGglGdHpMdDX6w07t6Ns6gidrx.jpg,
4232,Scream,20 Desember 1996,7.432,8207,Crime | Horror | Mystery,,https://www.themoviedb.org/movie/4232,https://image.tmdb.org/t/p/w500/lr9ZIrmuwVmZhpZuTCW8D9g0ZJe.jpg,
4248,Scary Movie 2,4 Juli 2001,5.848,5387,Comedy,,https://www.themoviedb.org/movie/4248,https://image.tmdb.org/t/p/w500/7Eb1JWK0Cb0rbfsYjwfc9g0PbQH.jpg,Empat remaja ditipu oleh Profesor Oldman (Tim Curry) untuk mengunjungi rumah hantu untuk proyek sekolah.
1530941,新劇場版 銀魂 -吉原大炎上-,13 Februari 2026,8.933,15,Animation | Action | Science Fiction | Comedy,,https://www.themoviedb.org/movie/1530941,https://image.tmdb.org/t/p/w500/5F7YrauGDP2tbzz84KKwji2MB3e.jpg,
1477317,Your Fault: London,17 Juni 2026,7.452,196,Romance | Drama,,https://www.themoviedb.org/movie/1477317,https://image.tmdb.org/t/p/w500/nLxu237EJAisFCYKK48hN9Plobx.jpg,
760104,X,17 Maret 2022,6.707,4117,Horror,,https://www.themoviedb.org/movie/760104,https://image.tmdb.org/t/p/w500/lopZSVtXzhFY603E9OqF7O1YKsh.jpg,
293167,Kong: Skull Island,8 Maret 2017,6.558,11331,Action | Adventure | Fantasy,,https://www.themoviedb.org/movie/293167,https://image.tmdb.org/t/p/w500/r2517Vz9EhDhj88qwbDVj8DCRZN.jpg,"Pada tahun 1970an, sekelompok tim penjelajah dikirim untuk menelusuri sebuah pulau misterius bernama Skull Island yang terletak di samudera Hindia. Mereka segera menyadari ancaman yang terdapat di pulau tersebut sebab Skull Island adalah rumah dari kera raksasa bernama King Kong yang memiliki kekuatan dahsyat dan kecerdasan yang menyerupai manusia."
150689,Cinderella,6 Maret 2015,6.824,7502,Romance | Fantasy | Family | Drama,,https://www.themoviedb.org/movie/150689,https://image.tmdb.org/t/p/w500/j91LJmcWo16CArFOoapsz84bwxb.jpg,
8909,Wanted,19 Juni 2008,6.531,7769,Action | Thriller | Crime,,https://www.themoviedb.org/movie/8909,https://image.tmdb.org/t/p/w500/njy7Pz7ZHZceO7lNfGIHKphY8Hd.jpg,
787,Mr. & Mrs. Smith,7 Juni 2005,6.695,11478,Action | Comedy | Drama | Thriller,,https://www.themoviedb.org/movie/787,https://image.tmdb.org/t/p/w500/kjD700RtyhveN3ZbOnSvUSne0Qj.jpg,
330459,Rogue One: A Star Wars Story,14 Desember 2016,7.51,16732,Action | Adventure | Science Fiction,,https://www.themoviedb.org/movie/330459,https://image.tmdb.org/t/p/w500/i0yw1mFbB7sNGHCs7EXZPzFkdA1.jpg,Sekelompok pejuang perlawanan jahat bersatu untuk misi mencuri rencana Death Star dan membawa harapan baru ke galaksi.
493529,Dungeons & Dragons: Honor Among Thieves,23 Maret 2023,7.357,4900,Adventure | Fantasy | Comedy,,https://www.themoviedb.org/movie/493529,https://image.tmdb.org/t/p/w500/v7UF7ypAqjsFZFdjksjQ7IUpXdn.jpg,"Seorang pencuri menawan dan sekelompok petualang yang unik melakukan pencurian besar-besaran untuk mencuri relik yang hilang. Namun, segalanya menjadi kacau ketika mereka berjumpa dengan orang yang salah."
1263532,Beast Race,17 Maret 2026,7.009,113,Action | Science Fiction | Thriller,,https://www.themoviedb.org/movie/1263532,https://image.tmdb.org/t/p/w500/2bzIygGnua4tlLo7qTyMSUsME3d.jpg,"Demi menyelamatkan saudarinya, pemimpin pemberontak harus mengikuti balapan brutal yang memadukan parkour dengan perkelahian jalanan di Rio de Janeiro yang distopis."
941,Lethal Weapon,6 Maret 1987,7.304,5201,Action | Thriller | Crime,,https://www.themoviedb.org/movie/941,https://image.tmdb.org/t/p/w500/6gt44oqb4nE8vflPElffeGwsHVl.jpg,
608,Men in Black II,3 Juli 2002,6.39,10877,Action | Comedy | Science Fiction,,https://www.themoviedb.org/movie/608,https://image.tmdb.org/t/p/w500/enA22EPyzc2WQ1VVyY7zxresQQr.jpg,"Kay dan Jay bersatu kembali untuk memberikan yang terbaik, terakhir dan satu-satunya garis pertahanan melawan penggoda jahat yang memberikan tantangan terberat terhadap pernyataan misi MIB yang tidak ternoda – melindungi Bumi dari sampah alam semesta. Sudah empat tahun sejak agen pencari alien mencegah bencana antargalaksi yang sangat besar. Sekarang saatnya berpacu dengan waktu karena Jay harus meyakinkan Kay – yang tidak hanya sama sekali tidak ingat waktu yang dihabiskannya dengan MIB, tetapi juga satu-satunya orang yang masih hidup yang memiliki keahlian untuk menyelamatkan galaksi – untuk bersatu kembali dengan MIB sebelumnya. bumi tunduk pada kehancuran akhir."
1084187,Pretty Lethal,13 Maret 2026,6.782,492,Action | Thriller | Horror,,https://www.themoviedb.org/movie/1084187,https://image.tmdb.org/t/p/w500/znTPnXCK3lEQJgqXCvP7e5FUz6f.jpg,Film triler penuh aksi di mana lima balerina terdampar di hutan terpencil saat sedang menuju kompetisi dansa. Mereka berlindung di penginapan mengerikan yang dikelola Devora Kasimer di tepi jalan dan harus mempersenjatai pelatihan elite mereka untuk bertahan hidup.
1341137,A Great Awakening,3 April 2026,7.238,21,History | Drama,,https://www.themoviedb.org/movie/1341137,https://image.tmdb.org/t/p/w500/dXeeDRLGpTX1U97lWBAwQeeplsW.jpg,
381284,Hidden Figures,10 Desember 2016,8.047,10647,Drama | History,,https://www.themoviedb.org/movie/381284,https://image.tmdb.org/t/p/w500/9lfz2W2uGjyow3am00rsPJ8iOyq.jpg,
62211,Monsters University,19 Juni 2013,7.057,11526,Animation | Family | Comedy | Fantasy,,https://www.themoviedb.org/movie/62211,https://image.tmdb.org/t/p/w500/y7thwJ7z5Bplv6vwl6RI0yteaDD.jpg,
1497970,猫和老鼠：星盘奇缘,2 Agustus 2025,6.618,55,Animation | Comedy | Family | Fantasy | Adventure,,https://www.themoviedb.org/movie/1497970,https://image.tmdb.org/t/p/w500/8wzghxpAWxKA9GVRvvO9FZTeFqX.jpg,
949838,72 HOURS,20 Juli 2026,6.785,424,Comedy | Crime,,https://www.themoviedb.org/movie/949838,https://image.tmdb.org/t/p/w500/9Bu1PW2R1XayqRqnl0aDOgMcrdS.jpg,"Setelah tak sengaja ditambahkan ke obrolan grup pria berusia 20-an, eksekutif periklanan berusia 40 tahun ini terpaksa ikut pesta bujang liar di Miami demi kariernya."
533533,TRON: Ares,8 Oktober 2025,6.457,1619,Science Fiction | Adventure | Action,,https://www.themoviedb.org/movie/533533,https://image.tmdb.org/t/p/w500/chpWmskl3aKm1aTZqUHRCtviwPy.jpg,
1933,The Others,2 Agustus 2001,7.618,7391,Horror | Mystery | Thriller,,https://www.themoviedb.org/movie/1933,https://image.tmdb.org/t/p/w500/p8g1vlTvpM6nr2hMMiZ1fUlKF0D.jpg,"ngisahkan tentang seorang ibu bernama Grace Stewart (Nicole Kidman) yang tinggal di pedesaan terpencil dengan dua orang anaknya yang bernama Anne (Alakina Mann) dan Nicholas (James Bentley). Kedua anaknya ini mengalami sakit (yang sampai sekarang saya masih bingung itu sakit apa) yang tidak boleh terkena sinar matahari langsung. Grace adalah seorang ibu yang taat pada Katolik. Dia selalu mengajarkan anaknya mengenai nilai-nilai Katolik dalam diri mereka. Kedatangan tiga pelayan baru dirumahnya (Grace) bernama Mrs Bertha Mills (Fionnula Flanagan), seorang tukang kebun tua bernama Mr Edmund Tuttle (Eric Sykes), dan seorang gadis bisu bernama Lydia (Elaine Cassidy). Sangat bertepatan dengan peristiwa-peristiwa ganjil dirumahnya. Seperti biasa Grace awalnya tidak menanggapi hal2 ganjil ini. Tetapi lama kelamaan peristiwa ganjil ini semakin menjadi-jadi apalgi ketika Anne anak Grace yg pertama sering kali bertemu dengan beberapa orang didalam rumah itu."
601,E.T. the Extra-Terrestrial,11 Juni 1982,7.517,12242,Adventure | Science Fiction | Family,,https://www.themoviedb.org/movie/601,https://image.tmdb.org/t/p/w500/an0nD6uq6byfxXCfk6lQBzdL2J1.jpg,
1645614,Los justos,9 Maret 2026,4.667,6,Comedy | Drama,,https://www.themoviedb.org/movie/1645614,https://image.tmdb.org/t/p/w500/nPLz43WeOdalN8GLtNHLKCpus2O.jpg,
157350,Divergent,14 Maret 2014,6.9,13702,Action | Adventure | Science Fiction,,https://www.themoviedb.org/movie/157350,https://image.tmdb.org/t/p/w500/aNh4Q3iuPKDMPi2SL7GgOpiLukX.jpg,
116745,The Secret Life of Walter Mitty,18 Desember 2013,7.229,8462,Adventure | Comedy | Drama | Fantasy,,https://www.themoviedb.org/movie/116745,https://image.tmdb.org/t/p/w500/iAo1hlzsPV9XpYcLQp6Ud065tGO.jpg,"Manajer foto yang pemalu Walter Mitty selalu bermimpi lari dari ibunya dan kehidupan yang membosankan, namun petualangan nyata menjadi pahlawan itu terbukti berat."
11836,The SpongeBob SquarePants Movie,19 November 2004,7.107,3298,Adventure | Animation | Comedy | Family | Fantasy,,https://www.themoviedb.org/movie/11836,https://image.tmdb.org/t/p/w500/1rvzKV1d18EbDVaEd4VDzK3cgnY.jpg,
453,A Beautiful Mind,14 Desember 2001,7.852,11359,Drama | Romance,,https://www.themoviedb.org/movie/453,https://image.tmdb.org/t/p/w500/rEIg5yJdNOt9fmX4P8gU9LeNoTQ.jpg,
619979,Deep Water,17 Maret 2022,5.83,1710,Drama | Mystery | Thriller,,https://www.themoviedb.org/movie/619979,https://image.tmdb.org/t/p/w500/6yRMyWwjuhKg6IU66uiZIGhaSc8.jpg,
269955,인간중독,14 Mei 2014,6.7,83,Drama | Romance,,https://www.themoviedb.org/movie/269955,https://image.tmdb.org/t/p/w500/fYrFH2WlCEUNuR85JturV77uOBU.jpg,
1390300,Over Your Dead Body,14 Maret 2026,6.4,586,Action | Comedy | Thriller,,https://www.themoviedb.org/movie/1390300,https://image.tmdb.org/t/p/w500/kZCauMzAt9eMAhLMopCqnFw1Q5k.jpg,
1317149,I Swear,22 September 2025,8.2,547,Drama | History,,https://www.themoviedb.org/movie/1317149,https://image.tmdb.org/t/p/w500/vUwyhNWBKkSwK8ELvEeBRwV724h.jpg,
281338,War for the Planet of the Apes,11 Juli 2017,7.225,9941,Drama | Science Fiction | War,,https://www.themoviedb.org/movie/281338,https://image.tmdb.org/t/p/w500/3vYhLLxrTtZLysXtIWktmd57Snv.jpg,
399579,Alita: Battle Angel,31 Januari 2019,7.274,10357,Action | Science Fiction | Adventure,,https://www.themoviedb.org/movie/399579,https://image.tmdb.org/t/p/w500/xRWht48C2V8XNfzvPehyClOvDni.jpg,"Ketika Alita terbangun tanpa ingatan tentang siapa dia di dunia masa depan yang tidak dia kenal, dia ditangkap oleh Ido, seorang dokter yang penuh kasih yang menyadari bahwa di suatu tempat dalam cangkang cyborg yang ditinggalkan ini adalah hati dan jiwa seorang wanita muda dengan luar biasa. lalu."
91314,Transformers: Age of Extinction,25 Juni 2014,5.972,8931,Science Fiction | Action | Adventure,,https://www.themoviedb.org/movie/91314,https://image.tmdb.org/t/p/w500/oEzPm6RFjGxkfpP4BTj7jaSTqvu.jpg,"Lima tahun setelah Chicago dihancurkan, manusia berbalik melawan robot. Namun seorang ayah tunggal dan penemu membangkitkan robot yang dapat menyelamatkan dunia."
762509,Mufasa: The Lion King,18 Desember 2024,7.287,2764,Adventure | Family | Animation,,https://www.themoviedb.org/movie/762509,https://image.tmdb.org/t/p/w500/jbOSUAWMGzGL1L4EaUF8K6zYFo7.jpg,"Mufasa, seekor anak singa yang tersesat dan sendirian, bertemu dengan seekor singa yang baik hati bernama Taka, pewaris garis keturunan kerajaan. Pertemuan tak sengaja itu memicu perjalanan panjang sekelompok orang yang tidak beruntung dalam mencari takdir mereka."
9016,Treasure Planet,26 November 2002,7.577,4718,Science Fiction | Adventure | Animation | Family | Fantasy,,https://www.themoviedb.org/movie/9016,https://image.tmdb.org/t/p/w500/kNhZkR3UNbXfvESQo7mJpOi4tGd.jpg,
460458,Resident Evil: Welcome to Raccoon City,24 November 2021,5.931,2778,Action | Horror | Science Fiction,,https://www.themoviedb.org/movie/460458,https://image.tmdb.org/t/p/w500/bArhvjRHl535XMaSh9VjInF2mSZ.jpg,"Dulunya merupakan rumah bagi raksasa farmasi Umbrella Corporation, Raccoon City kini menjadi kota di Midwestern yang sedang sekarat. Eksodus perusahaan ini membuat kota ini menjadi gurun…dengan kejahatan besar yang muncul di bawah permukaan. Ketika kejahatan itu dilepaskan, penduduk kota selamanya…berubah…dan sekelompok kecil orang yang selamat harus bekerja sama untuk mengungkap kebenaran di balik Umbrella dan berhasil melewati malam."
9820,The Parent Trap,28 Juli 1998,7.215,4638,Comedy | Family | Romance,,https://www.themoviedb.org/movie/9820,https://image.tmdb.org/t/p/w500/p4dGmi8u9W0HHyVXcgWPoiFfKTF.jpg,
118340,Guardians of the Galaxy,30 Juli 2014,7.907,30267,Action | Science Fiction | Adventure,,https://www.themoviedb.org/movie/118340,https://image.tmdb.org/t/p/w500/r7vmZjiyZw9rpJMQJdXpjgiCOk9.jpg,
37724,Skyfall,24 Oktober 2012,7.266,16387,Action | Adventure | Thriller,,https://www.themoviedb.org/movie/37724,https://image.tmdb.org/t/p/w500/d0IVecFQvsGdSbnMAHqiYsNYaJT.jpg,
1087891,The Amateur,9 April 2025,6.919,1767,Thriller | Action,,https://www.themoviedb.org/movie/1087891,https://image.tmdb.org/t/p/w500/SNEoUInCa5fAgwuEBMIMBGvkkh.jpg,
1511675,キングダム 魂の決戦,17 Juli 2026,8.5,2,Action | Adventure | War,,https://www.themoviedb.org/movie/1511675,https://image.tmdb.org/t/p/w500/iSPPbrrkiiT2O8WkLjUL2YafEJw.jpg,
297761,Suicide Squad,3 Agustus 2016,5.917,22396,Action | Adventure | Fantasy,,https://www.themoviedb.org/movie/297761,https://image.tmdb.org/t/p/w500/sk3FZgh3sRrmr8vyhaitNobMcfh.jpg,"Bercerita tentang ARGUS, sebuah lembaga rahasia pemerintah yang merekrut sejumlah penjahat seperti Deadshot (Will Smith), Harley Quinn (Margot Robbie), Enchantress (Cara Delevingnee), Captain Boomerang (Jay Courtney), Amanda Waller (Viola Davis), El Diablo (Jay Hernandes), dan Rick Flag (Joel Kinnaman) untuk bergabung dalam tim khusus yang dikenal sebagai Task Force X. Kelompok ini diberikan sebuah misi berbahaya sebagai pertukaran grasi sekaligus untuk menyelamatkan dunia dari ancaman yang sangat kuat."
695721,The Hunger Games: The Ballad of Songbirds & Snakes,15 November 2023,6.955,3656,Science Fiction | Action,,https://www.themoviedb.org/movie/695721,https://image.tmdb.org/t/p/w500/mBaXZ95R2OxueZhvQbcEWy2DqyO.jpg,
11216,Nuovo Cinema Paradiso,17 November 1988,8.432,4968,Drama | Romance,,https://www.themoviedb.org/movie/11216,https://image.tmdb.org/t/p/w500/3hcXpztAe9L6VLpDGwohS01ZSxw.jpg,
242,The Godfather Part III,25 Desember 1990,7.417,7035,Crime | Drama | Thriller,,https://www.themoviedb.org/movie/242,https://image.tmdb.org/t/p/w500/lm3pQ2QoQ16pextRsmnUbG2onES.jpg,
126889,Alien: Covenant,9 Mei 2017,6.189,9660,Horror | Science Fiction,,https://www.themoviedb.org/movie/126889,https://image.tmdb.org/t/p/w500/zecMELPbU5YMQpC81Z8ImaaXuf9.jpg,
1235877,ஜன நாயகன்,22 Juli 2026,5.3,20,Action | Drama,,https://www.themoviedb.org/movie/1235877,https://image.tmdb.org/t/p/w500/jt8pfSIdi47YpFMMWVRr8w5u2S0.jpg,
605,The Matrix Revolutions,5 November 2003,6.757,11101,Adventure | Action | Thriller | Science Fiction,,https://www.themoviedb.org/movie/605,https://image.tmdb.org/t/p/w500/qEWiBXJGXK28jGBAm8oFKKTB0WD.jpg,Kota manusia Zion mempertahankan diri dari invasi besar-besaran mesin saat Neo berjuang untuk mengakhiri perang di front lain sekaligus melawan Agen Smith.
1232449,Young Hearts,26 Oktober 2024,8.561,309,Drama | Romance,,https://www.themoviedb.org/movie/1232449,https://image.tmdb.org/t/p/w500/xsApLXxqTG5uorAZRF0kJi0oXfR.jpg,
995133,"The Boy, the Mole, the Fox and the Horse",25 Desember 2022,8.212,766,Animation | Family | Drama | Adventure,,https://www.themoviedb.org/movie/995133,https://image.tmdb.org/t/p/w500/wAKBWRhMmBtrCCuqmFwPm2RGTph.jpg,Ikuti ikatan tak terduga antara empat teman untuk mencari rumahnya.
558,Spider-Man 2,25 Juni 2004,7.329,16867,Action | Adventure | Science Fiction,,https://www.themoviedb.org/movie/558,https://image.tmdb.org/t/p/w500/aGuvNAaaZuWXYQQ6N2v7DeuP6mB.jpg,"Parker mengalami krisis identitas yang besar. Lelah menjadi Spider-Man, ia memutuskan untuk mengesampingkan alter ego superhero-nya, yang membuat kota menderita akibat pembantaian yang ditinggalkan oleh Doc Ock yang jahat. Sementara itu, Parker masih belum bisa menunjukkan perasaannya kepada Mary Jane Watson, seorang gadis yang dicintainya sejak kecil. Kemarahan tertentu mulai muncul dalam diri sahabatnya, Harry Osborn..."
404368,Ralph Breaks the Internet,20 November 2018,7.153,8261,Action | Adventure | Animation | Comedy | Family | Science Fiction,,https://www.themoviedb.org/movie/404368,https://image.tmdb.org/t/p/w500/iVCrhBcpDaHGvv7CLYbK6PuXZo1.jpg,"Petualangan Baru Ralph dan Vanellope akan berlanjut dalam Ralph Breaks the Internet. 6 tahun pasca Wreck-It Ralph, Ralph dan Vanellope kini semakin jauh menjelajah ke dunia maya."
18239,The Twilight Saga: New Moon,18 November 2009,5.985,9896,Adventure | Fantasy | Drama | Romance,,https://www.themoviedb.org/movie/18239,https://image.tmdb.org/t/p/w500/k2qTooPlHffgNABNWxeJdGMglPK.jpg,"Terguncang atas kepergian Edward, Bella yang patah hati merasa terhibur setelah bersahabat dengan Jacob, yang ternyata juga menyimpan rahasia."
264660,Ex Machina,21 Januari 2015,7.571,14565,Drama | Science Fiction,,https://www.themoviedb.org/movie/264660,https://image.tmdb.org/t/p/w500/dmJW8IAKHKxFNiUnoDR7JfsK7Rp.jpg,"Seorang pembuat kode di perusahaan teknologi memenangkan hadiah menginap seminggu penuh di rumah CEO perusahaannya. Di sana, ia ditugasi menguji kecerdasan buatan baru."
163,Ocean's Twelve,9 Desember 2004,6.567,8105,Thriller | Crime,,https://www.themoviedb.org/movie/163,https://image.tmdb.org/t/p/w500/pE5anFf7nf6ah7V3VRezQ1KSovi.jpg,
10009,Brother Bear,23 Oktober 2003,7.283,5857,Adventure | Animation | Family,,https://www.themoviedb.org/movie/10009,https://image.tmdb.org/t/p/w500/otptPbEY0vBostmo95xwiiumMJm.jpg,
146,"Crouching Tiger, Hidden Dragon",6 Juli 2000,7.437,3686,Adventure | Drama | Action | Romance | Fantasy,,https://www.themoviedb.org/movie/146,https://image.tmdb.org/t/p/w500/28FX5rCNo6p602DzgPOTNZjyMPh.jpg,"Dua pejuang yang sedang mengejar pedang curian dan seorang buronan terkenal dituntun ke seorang putri bangsawan remaja yang terburu nafsu dan memiliki keterampilan fisik, yang berada di persimpangan jalan dalam hidupnya."
115,The Big Lebowski,6 Maret 1998,7.834,12467,Comedy | Crime,,https://www.themoviedb.org/movie/115,https://image.tmdb.org/t/p/w500/3bv6WAp6BSxxYvB5ozKFUYuRA8C.jpg,
7451,xXx,9 Agustus 2002,5.988,5021,Action | Adventure | Thriller | Crime | Drama,,https://www.themoviedb.org/movie/7451,https://image.tmdb.org/t/p/w500/xeEw3eLeSFmJgXZzmF2Efww0q3s.jpg,Seorang penantang maut misterius terkenal yang dianggap tak tersentuh hukum terpaksa bekerja sama dengan pemerintah untuk menyusup ke dalam jaringan kriminal Rusia.
4982,American Gangster,2 November 2007,7.596,6217,Drama | Crime,,https://www.themoviedb.org/movie/4982,https://image.tmdb.org/t/p/w500/sX9idXDqRUxE5ffww3n3RV5gL55.jpg,Ambisi dan korupsi berbenturan di Harlem tahun 1970-an saat seorang gembong narkoba yang karismatik berkuasa dan menghadapi detektif jujur dan para musuh mematikan.
799583,The Ministry of Ungentlemanly Warfare,18 April 2024,6.996,2047,Action | Comedy | War | Adventure,,https://www.themoviedb.org/movie/799583,https://image.tmdb.org/t/p/w500/8aF0iAKH9MJMYAZdi0Slg77RYa2.jpg,
900493,How the Titanic became my lifeboat,12 November 2021,0,0,Documentary,,https://www.themoviedb.org/movie/900493,https://image.tmdb.org/t/p/w500/AswmbK0NokW3nsiv3IwRk5FmLP.jpg,
570595,Русская нимфетка: искушение,28 November 2004,5.6,27,Drama | Romance,,https://www.themoviedb.org/movie/570595,https://image.tmdb.org/t/p/w500/dYrocmJO2bCFI5aYkuaYogkrgmu.jpg,
7220,The Punisher,15 April 2004,6.385,3271,Action | Crime | Drama,,https://www.themoviedb.org/movie/7220,https://image.tmdb.org/t/p/w500/7rmA1HwYp2GKM85BL0cVwCaosGr.jpg,
666277,Past Lives,2 Juni 2023,7.696,2447,Drama | Romance,,https://www.themoviedb.org/movie/666277,https://image.tmdb.org/t/p/w500/k3waqVXSnvCZWfJYNtdamTgTtTA.jpg,"Nora dan Hae Sung, dua teman masa kecil, bersatu kembali di New York selama satu minggu yang menentukan saat mereka menghadapi gagasan tentang takdir, cinta, dan pilihan yang membuat hidup."
898704,Desert Warrior,23 April 2026,6.2,38,History | War | Action,,https://www.themoviedb.org/movie/898704,https://image.tmdb.org/t/p/w500/waxnw1NpzTPY5JkqWvu0muSopRJ.jpg,
399566,Godzilla vs. Kong,24 Maret 2021,7.523,10808,Action | Science Fiction | Adventure,,https://www.themoviedb.org/movie/399566,https://image.tmdb.org/t/p/w500/pgqgaUx1cJb5oZQQ5v0tNARCeBp.jpg,"menceritakan pertarungan dua kekuatan terbesar di muka bumi. Antara Godzilla, monster evolusi kadal yang menjadi legenda Jepang dengan Kong, gorila raksasa"
254128,San Andreas,27 Mei 2015,6.251,9189,Action | Drama | Thriller,,https://www.themoviedb.org/movie/254128,https://image.tmdb.org/t/p/w500/2Gfjn962aaFSD6eST6QU3oLDZTo.jpg,"Gempa dahsyat melanda California, seorang pilot helikopter bersama orang yang akan menjadi mantan istrinya harus menyelamatkan putri mereka sebelum gempa susulan terjadi."
1542261,映画ドラえもん 新・のび太の海底鬼岩城,27 Februari 2026,7.3,10,Animation | Adventure | Fantasy | Family,,https://www.themoviedb.org/movie/1542261,https://image.tmdb.org/t/p/w500/wPzyoIvJBOXFnuGWgu09gnlO26K.jpg,
507089,Five Nights at Freddy's,25 Oktober 2023,7.278,5176,Horror | Thriller,,https://www.themoviedb.org/movie/507089,https://image.tmdb.org/t/p/w500/7BpNtNfxuocYEVREzVMO75hso1l.jpg,
14324,Virgin Territory,17 Desember 2007,4.987,386,Adventure | Action | Comedy | Romance,,https://www.themoviedb.org/movie/14324,https://image.tmdb.org/t/p/w500/zofWP7ZKhoVTh2VUltaDo4LRQXc.jpg,
9693,Children of Men,22 September 2006,7.613,8091,Science Fiction | Thriller | Action,,https://www.themoviedb.org/movie/9693,https://image.tmdb.org/t/p/w500/k9IAS4TehZFcKi4HVByxZNPfqex.jpg,
77877,The Lucky One,19 April 2012,7.182,3874,Drama | Romance,,https://www.themoviedb.org/movie/77877,https://image.tmdb.org/t/p/w500/vF1ZuIkF9Z71VzVvG265xJUawb0.jpg,
254,King Kong,12 Desember 2005,6.902,8709,Adventure | Drama | Action,,https://www.themoviedb.org/movie/254,https://image.tmdb.org/t/p/w500/6a2HY6UmD7XiDD3NokgaBAXEsD2.jpg,"Pada tahun 1933 di New York, seorang produser film yang terlalu ambisius memaksa para pemain dan kru kapal yang disewanya untuk melakukan perjalanan ke Pulau Tengkorak yang misterius, di mana mereka bertemu dengan Kong, seekor kera raksasa yang langsung jatuh cinta pada sang pemeran utama."
36647,Blade,21 Agustus 1998,6.852,6943,Horror | Action,,https://www.themoviedb.org/movie/36647,https://image.tmdb.org/t/p/w500/oWT70TvbsmQaqyphCZpsnQR7R32.jpg,
1287141,Pillion,28 November 2025,6.4,324,Romance | Drama | Comedy,,https://www.themoviedb.org/movie/1287141,https://image.tmdb.org/t/p/w500/7Pd6ChSQjSXy4snJiorSdzg2cG3.jpg,
1504358,Don't Say Good Luck,13 Agustus 2026,7.333,102,Comedy | Music | Drama,,https://www.themoviedb.org/movie/1504358,https://image.tmdb.org/t/p/w500/dgTKahWonzVLeN8Lm22WR2S7D0A.jpg,"Sebagai pemeran utama, Sophie Birenbaum siap menjadi pusat perhatian dalam drama musikal di sekolahnya—sampai drama di rumah tiba-tiba lebih besar daripada di panggung."
346910,The Predator,5 September 2018,5.618,5258,Science Fiction | Action | Thriller,,https://www.themoviedb.org/movie/346910,https://image.tmdb.org/t/p/w500/a3eWGF6YPF7No5Rbtjc8QpDvz7l.jpg,"Dari bagian terjauh di luar angkasa hingga ke jalan-jalan kecil di sebuah kota kecil, perburuan kembali terjadi dalam kisah Predator terbaru karya sutradara Shane Black. Sekarang, Predator (pemburu paling mematikan di alam semesta) menjadi lebih kuat, lebih pintar dan lebih mematikan daripada sebelumnya, setelah secara genetis menggunakan DNA spesies lain untuk meningkatkan diri mereka.  Ketika seorang anak laki-laki secara tidak sengaja memicu kembalinya mereka ke Bumi, hanya sekelompok mantan tentara sampah masyarakat dan seorang guru sains yang tidak puas yang dapat mencegah akhir dari umat manusia."
1701,Con Air,5 Juni 1997,6.785,4852,Action | Thriller | Crime,,https://www.themoviedb.org/movie/1701,https://image.tmdb.org/t/p/w500/kOKjgrEzGOP92rVQ6srA9jtp60l.jpg,
581,Dances with Wolves,9 November 1990,7.841,4815,Adventure | Drama | Western,,https://www.themoviedb.org/movie/581,https://image.tmdb.org/t/p/w500/hw0ZEHAaTqTxSXGVwUFX7uvanSA.jpg,
329,Jurassic Park,11 Juni 1993,7.976,18317,Adventure | Science Fiction,,https://www.themoviedb.org/movie/329,https://image.tmdb.org/t/p/w500/63viWuPfYQjRYLSZSZNq7dglJP5.jpg,
646385,Scream,12 Januari 2022,6.676,4006,Horror | Mystery,,https://www.themoviedb.org/movie/646385,https://image.tmdb.org/t/p/w500/nD4M4Bx457ryLuKYpxFwQ2IBJ5w.jpg,"Dua puluh lima tahun setelah serangkaian pembunuhan brutal mengejutkan kota Woodsboro yang tenang, seorang pembunuh baru telah mengenakan topeng Ghostface dan mulai menargetkan sekelompok remaja untuk menghidupkan kembali rahasia dari masa lalu kota yang mematikan."
7485,Shooter,22 Maret 2007,7.13,5611,Drama | Action | Thriller,,https://www.themoviedb.org/movie/7485,https://image.tmdb.org/t/p/w500/2aWGxo1E5polpBjPvtBRkWp7qaS.jpg,
11224,Cinderella,22 Februari 1950,7.053,7276,Family | Fantasy | Animation | Romance,,https://www.themoviedb.org/movie/11224,https://image.tmdb.org/t/p/w500/4nssBcQUBadCTBjrAkX46mVEKts.jpg,
1562,28 Weeks Later,26 April 2007,6.591,5839,Horror | Thriller | Science Fiction,,https://www.themoviedb.org/movie/1562,https://image.tmdb.org/t/p/w500/oix0aNv1lvW3nUGspUyvSIBlpbs.jpg,
5879,愛のコリーダ,15 September 1976,6.616,756,Drama | Romance,,https://www.themoviedb.org/movie/5879,https://image.tmdb.org/t/p/w500/dbFnly6wXJBluY7CF7N8wxLVYG9.jpg,
56292,Mission: Impossible - Ghost Protocol,7 Desember 2011,7.116,10989,Action | Thriller | Adventure,,https://www.themoviedb.org/movie/56292,https://image.tmdb.org/t/p/w500/eRZTGx7GsiKqPch96k27LK005ZL.jpg,"Agen super Ethan Hunt dan timnya kembali menerima misi mematikan. Dijebak atas pengeboman Kremlin, mereka harus membuktikan bahwa mereka tidak bersalah."
4108,The Transporter,2 Oktober 2002,6.73,5986,Action | Crime | Thriller,,https://www.themoviedb.org/movie/4108,https://image.tmdb.org/t/p/w500/dncJ81z1BahrT3ogLvlxOUC5n4u.jpg,
1924,Superman,14 Desember 1978,7.165,4406,Science Fiction | Action | Adventure,,https://www.themoviedb.org/movie/1924,https://image.tmdb.org/t/p/w500/d7px1FQxW4tngdACVRsCSaZq0Xl.jpg,
1469342,Her Private Hell,23 Juli 2026,5.061,57,Science Fiction | Horror | Thriller,,https://www.themoviedb.org/movie/1469342,https://image.tmdb.org/t/p/w500/1gNVzTlpNLaX8sm9Wocl5rLgldU.jpg,
364,Batman Returns,19 Juni 1992,6.949,7257,Action | Fantasy,,https://www.themoviedb.org/movie/364,https://image.tmdb.org/t/p/w500/jKBjeXM7iBBV9UkUcOXx3m7FSHY.jpg,
1607,A Bronx Tale,1 Oktober 1993,7.902,2987,Drama | Crime,,https://www.themoviedb.org/movie/1607,https://image.tmdb.org/t/p/w500/sDbO6LmLYtyqAoFTPpRcMgPSCEO.jpg,
345887,The Equalizer 2,19 Juli 2018,6.795,6143,Action | Thriller | Crime,,https://www.themoviedb.org/movie/345887,https://image.tmdb.org/t/p/w500/cQvc9N6JiMVKqol3wcYrGshsIdZ.jpg,"Robert McCall seorang mantan agen rahasia selalu berusaha memberikan keadilan bagi orang yang membutuhkannya. Hingga suatu ketika ia mengetahui bahwa sahabat lamanya, Susan Plummer menjadi korban pembunuhan yang dilakukan musuhnya. Bagi McCall, ini adalah panggilan perang. Kini ia mencari tahu siapa yang telah membunuh temannya itu untuk membalaskan dendam."
10527,Madagascar: Escape 2 Africa,30 Oktober 2008,6.533,7589,Adventure | Animation | Comedy | Family,,https://www.themoviedb.org/movie/10527,https://image.tmdb.org/t/p/w500/agRbLOHgN46TQO4YdKR462iR7To.jpg,"Alex, Marty, dan hewan kebun binatang lainnya menemukan cara untuk melarikan diri dari Madagaskar ketika para penguin merakit ulang sebuah pesawat yang hancur. Rakitan tersebut dapat mengudara sesuai dengan jarak ke benua Afrika. Di Afrika, mereka menemukan anggota lain dari spesies mereka. Afrika terbukti merupakan tempat yang liar, tapi Alex dan lainnya ingin tahu apakah Afrika lebih baik dari rumah mereka di Central Park."
755679,Fast Forever,16 Maret 2028,0,0,Action | Crime | Thriller,,https://www.themoviedb.org/movie/755679,https://image.tmdb.org/t/p/w500/xaRzhQZ3zK5lN6vEetG8PD17KPF.jpg,
590223,Love and Monsters,16 Oktober 2020,7.264,4575,Adventure | Comedy | Fantasy,,https://www.themoviedb.org/movie/590223,https://image.tmdb.org/t/p/w500/718NnyxyQuBQcGWt9sdelA1Zc3h.jpg,"Love And Monsters berkisah tentang pasangan kekasih Joel dan Aimee yang harus terpisah ketika makhluk raksasa mendatangi bumi.  Mereka terpisah saat berusaha menyelamatkan diri mereka masing-masing.  Setelah penyerangan monster itu, Joel dan orang-orang yang selamat tinggal di bawah tanah.  Bertahun-tahun hidup di dalam persembunyian, Joel terhubung kembali dengan kekasihnya Aimee melalui sebuah radio.  Terlepas dari semua monster berbahaya yang akan menghalangi jalannya. Joel melawan semua logikanya lalu memutuskan keluar dari persembunyian dan berpetualang untuk mencari Aimee."
1088514,La habitación de al lado,7 Oktober 2024,6.721,709,Drama | Comedy,,https://www.themoviedb.org/movie/1088514,https://image.tmdb.org/t/p/w500/aFeEXvKtKZ9wY3EMsR7yp9Izfej.jpg,
287598,Hatholdas rózsakert,18 Agustus 1970,10,1,Comedy,,https://www.themoviedb.org/movie/287598,https://image.tmdb.org/t/p/w500/b1aqhkeigE3nxVG5cLmsaKg9QJs.jpg,
411088,Contratiempo,6 Januari 2017,8.074,5114,Drama | Mystery | Thriller,,https://www.themoviedb.org/movie/411088,https://image.tmdb.org/t/p/w500/2aDS5gmgvcw7P7BfoxqtnIktHDk.jpg,
127380,Finding Dory,16 Juni 2016,7.044,12836,Adventure | Animation | Family,,https://www.themoviedb.org/movie/127380,https://image.tmdb.org/t/p/w500/3UVe8NL1E2ZdUZ9EDlKGJY5UzE.jpg,
335988,Transformers: The Last Knight,16 Juni 2017,6.064,6877,Action | Adventure | Science Fiction,,https://www.themoviedb.org/movie/335988,https://image.tmdb.org/t/p/w500/s5HQf2Gb3lIO2cRcFwNL9sn1o1o.jpg,"Di tengah ketidakhadiran Optimus Prime, umat manusia berperang melawanTransformers untuk mempertahankan eksistensinya. Cade Yeager membentuk kerjasama dengan Bumblebee, seorang bangsawan Inggris dan seorang professor dari Oxford untuk mempelajari mengapa Transformers selalu kembali ke planet bumi."
515001,Jojo Rabbit,18 Oktober 2019,7.973,10664,Comedy | War | Drama,,https://www.themoviedb.org/movie/515001,https://image.tmdb.org/t/p/w500/1mqL7VG4Ix8wmxwypmCA1HTHBky.jpg,"Sebuah film satir tentang perang dunia kedua, yang menceritakan seorang anak laki-laki Jerman yang kesepian, yang pandangan hidupnya ditunggang-balikkan saat dia menemukan ibunya menyembunyikan seorang gadis Yahudi muda di langit-langit mereka. Dibantu oleh teman imajinernya yang idiot yang bernama Adolf Hitler, Jojo harus menghadapi nasionalisme butanya."
420817,Aladdin,22 Mei 2019,7.077,10799,Adventure | Fantasy | Romance | Family,,https://www.themoviedb.org/movie/420817,https://image.tmdb.org/t/p/w500/ykUEbfpkf8d0w49pHh0AD2KrT52.jpg,Aladdin adalah penjahat jalanan baik hati. Ia akan bersaing dengan Jafar seorang penyihir jahat untuk memperebutkan lampu ajaib yang memiliki kekuatan membuat keinginan terdalam mereka menjadi kenyataan.
1732625,LEGO Disney Princess: Magical Mayhem,21 Agustus 2026,7.409,11,Animation | Fantasy | Comedy | Adventure,,https://www.themoviedb.org/movie/1732625,https://image.tmdb.org/t/p/w500/3tCKtHBq9LC5Vd8S1UHVocZDj0l.jpg,
812583,Wake Up Dead Man: A Knives Out Mystery,26 November 2025,7.209,2843,Thriller | Mystery | Comedy,,https://www.themoviedb.org/movie/812583,https://image.tmdb.org/t/p/w500/6h9YgYWItxTuB68BT9pMIxj2FCp.jpg,Detektif Benoit Blanc bekerja sama dengan seorang pastor muda yang tulus untuk menyelidiki kejahatan yang mustahil terjadi di gereja kota kecil dengan sejarah kelam.
83542,Cloud Atlas,26 Oktober 2012,6.897,7667,Drama | Science Fiction,,https://www.themoviedb.org/movie/83542,https://image.tmdb.org/t/p/w500/8naVv2Xu3rWI5JKHz0vCujx6GaJ.jpg,"Satu set enam cerita bersarang yang mencakup waktu antara abad ke-19 dan masa depan pasca-apokaliptik yang jauh. Cloud Atlas mengeksplorasi bagaimana tindakan dan konsekuensi dari kehidupan individu berdampak satu sama lain di masa lalu, sekarang dan masa depan. Aksi, misteri, dan romantisme menjalin kisah ini ketika satu jiwa dibentuk dari seorang pembunuh menjadi seorang pahlawan dan satu tindakan kebaikan mengalir di seluruh abad untuk menginspirasi revolusi di masa depan yang jauh."
1284120,Den stygge stesøsteren,7 Maret 2025,7.319,1306,Horror | Comedy | Drama,,https://www.themoviedb.org/movie/1284120,https://image.tmdb.org/t/p/w500/zty9oWBaBfYKxRpI0g6Bw9eaUXQ.jpg,
725201,The Gray Man,13 Juli 2022,6.904,4435,Action | Thriller,,https://www.themoviedb.org/movie/725201,https://image.tmdb.org/t/p/w500/8cXbitsS6dWQ5gfMTZdorpAAzEH.jpg,"Ketika seorang agen CIA bayangan mengungkap rahasia agensi yang memberatkan, dia diburu di seluruh dunia oleh seorang agen sosiopat nakal yang memberikan hadiah di kepalanya."
131634,The Hunger Games: Mockingjay - Part 2,18 November 2015,6.898,13560,Action | Adventure | Science Fiction,,https://www.themoviedb.org/movie/131634,https://image.tmdb.org/t/p/w500/lImKHDfExAulp16grYm8zD5eONE.jpg,"Katniss Everdeen dan para sekutunya siap bertarung di Capitol, demi upaya pembebasan seluruh penghuni Panem dengan cara membunuh sang diktator, Presiden Snow."
785084,The Whale,9 Desember 2022,7.752,4882,Drama,,https://www.themoviedb.org/movie/785084,https://image.tmdb.org/t/p/w500/jQ0gylJMxWSL490sy0RrPj1Lj7e.jpg,Seorang guru bahasa Inggris yang tertutup dan gemuk mencoba untuk berhubungan kembali dengan putri remajanya yang terasing.
35,The Simpsons Movie,25 Juli 2007,7.023,8710,Animation | Comedy | Family,,https://www.themoviedb.org/movie/35,https://image.tmdb.org/t/p/w500/s3b8TZWwmkYc2KoJ5zk77qB6PzY.jpg,
588228,The Tomorrow War,3 September 2021,7.523,4444,Action | Science Fiction | Adventure,,https://www.themoviedb.org/movie/588228,https://image.tmdb.org/t/p/w500/34nDCQZwaEvsy4CFO5hkGRFDCVU.jpg,
137106,The Lego Movie,6 Februari 2014,7.431,8702,Animation | Family | Adventure | Comedy | Fantasy,,https://www.themoviedb.org/movie/137106,https://image.tmdb.org/t/p/w500/lbctonEnewCYZ4FYoTZhs8cidAl.jpg,"Setelah keliru disangka sebagai Ahli Bangunan LEGO, seorang pria mini biasa bernama Emmet terseret dalam misi mendesak untuk menggagalkan rencana jahat Bos Besar."
109428,Evil Dead,5 April 2013,6.661,5336,Horror,,https://www.themoviedb.org/movie/109428,https://image.tmdb.org/t/p/w500/1gDV0Lm9y8ufIKzyf0h0GBgb9Zj.jpg,
335797,Sing,23 November 2016,7.124,8570,Animation | Comedy | Family | Music,,https://www.themoviedb.org/movie/335797,https://image.tmdb.org/t/p/w500/rwopfpHqPCYBSgBuZwkaXXqHp14.jpg,
9802,The Rock,7 Juni 1996,7.156,5360,Action | Adventure | Thriller,,https://www.themoviedb.org/movie/9802,https://image.tmdb.org/t/p/w500/eBcoxveWzzXQrCrwWMGAROcqgpP.jpg,
433566,夠格女郎,1 November 1979,3.75,4,Comedy | Crime,,https://www.themoviedb.org/movie/433566,https://image.tmdb.org/t/p/w500/5dkH3CiTPppP8CqPWUPCS7sIvFh.jpg,
615453,哪吒之魔童降世,26 Juli 2019,7.895,947,Animation | Fantasy | Adventure,,https://www.themoviedb.org/movie/615453,https://image.tmdb.org/t/p/w500/zb8xejiaNR0snSJgDepwFQUIi2e.jpg,
308266,War Dogs,18 Agustus 2016,6.948,5667,Comedy | Crime | Drama,,https://www.themoviedb.org/movie/308266,https://image.tmdb.org/t/p/w500/mDcPRjZC1bb6LavFU3gwsWdVfCM.jpg,"Dua sahabat mengubah rencana bisnis yang buruk menjadi kontrak pemerintah senilai $300 juta untuk memasok senjata ke Afghanistan, lalu mereka terlibat terlalu dalam."
530915,1917,25 Desember 2019,8,13869,War | Drama | History,,https://www.themoviedb.org/movie/530915,https://image.tmdb.org/t/p/w500/iZf0KyrE25z1sage4SYFLCCrMi9.jpg,"Pada puncak perang dunia pertama, dua orang tentara Inggris muda, Schofield dan Blake diberikan sebuah misi yang kelihatannya tidak masuk akal. Berlomba melawan waktu, mereka harus melewati daerah musuh dan menyampaikan sebuah pesan yang akan menghentikan serangan mematikan terhadap ratusan tentara - di mana saudara laki-laki Blake berada di antaranya."
405818,Door II: Tokyo Diary,25 April 1991,6.2,15,Drama | Thriller,,https://www.themoviedb.org/movie/405818,https://image.tmdb.org/t/p/w500/4AMv53knrYIdBStpldgRY8eQ7Bx.jpg,
59967,Looper,26 September 2012,6.916,11174,Action | Thriller | Science Fiction,,https://www.themoviedb.org/movie/59967,https://image.tmdb.org/t/p/w500/sNjL6SqErDBE8OUZlrDLkexfsCj.jpg,
4588,色‧戒,24 September 2007,7.3,840,Action | Drama | Romance | Thriller,,https://www.themoviedb.org/movie/4588,https://image.tmdb.org/t/p/w500/7v32qseAVpm7aBpemya9MvotbCz.jpg,
316029,The Greatest Showman,20 Desember 2017,7.853,10222,Drama,,https://www.themoviedb.org/movie/316029,https://image.tmdb.org/t/p/w500/b9CeobiihCx1uG1tpw8hXmpi7nm.jpg,"Sebuah film musikal yang merayakan kelahiran bisnis pertunjukan dan perasaan kagum yang kita rasakan ketika mimpi bisa jadi kenyataan. Terinspirasi dari kisah perjuangan hidup dan imajinasi P.T. Barnum. The Greatest Showman mengisahkan tentang seorang visioner yang membangun dari nol untuk menciptakan pertunjukan mengagumkan yang menjadi sensasi dunia.  The Greatest Showman disutradarai oleh Michael Gracey dengan lagu-lagu hasil karya pemenang Academy Award Benj Pasek dan Justin Paul (La La Land) dan dibintangi oleh peraih nominasi Academy Award Hugh Jackman. Selain itu juga menampilkan Michelle Williams, Zendaya, Zac Efron dan Rebecca Ferguson."
1233575,Black Bag,12 Maret 2025,6.38,1368,Drama | Mystery | Thriller,,https://www.themoviedb.org/movie/1233575,https://image.tmdb.org/t/p/w500/hHPovtU4b96LHcoeEwRkGHI5btw.jpg,
976893,PERFECT DAYS,10 November 2023,7.823,2045,Drama,,https://www.themoviedb.org/movie/976893,https://image.tmdb.org/t/p/w500/dENgZn7CD6GkPvmxaBAsk8eZDnI.jpg,
563,Starship Troopers,7 November 1997,7.1,5687,Adventure | Action | Thriller | Science Fiction,,https://www.themoviedb.org/movie/563,https://image.tmdb.org/t/p/w500/cxCmv23O7p3hyHwqoktHYkZcGsY.jpg,
697843,Extraction 2,9 Juni 2023,7.387,3044,Action | Thriller | Crime,,https://www.themoviedb.org/movie/697843,https://image.tmdb.org/t/p/w500/7gKI9hpEMcZUQpNgKrkDzJpbnNS.jpg,"Kembali dari ambang kematian, Tyler Rake, prajurit komando yang amat lihai, melakukan misi berbahaya lagi: menyelamatkan keluarga gangster keji yang sedang ditawan."
381719,Peter Rabbit,7 Februari 2018,6.695,1975,Animation | Adventure | Family,,https://www.themoviedb.org/movie/381719,https://image.tmdb.org/t/p/w500/lugOvdaNpbVGQK9TyMRDiUbLtY6.jpg,"Dalam film yang memadukan aksi langsung dan CGI ini, si usil Peter Rabbit menghadapi musuh baru yang tangguh dalam perebutan sayur di kebun Tn. McGregor."
44896,Rango,2 Maret 2011,6.919,7306,Animation | Comedy | Family | Western | Adventure,,https://www.themoviedb.org/movie/44896,https://image.tmdb.org/t/p/w500/A5MP1guV8pbruieG0tnpPIbaJtt.jpg,
644,A.I. Artificial Intelligence,29 Juni 2001,7.067,6852,Drama | Science Fiction | Adventure,,https://www.themoviedb.org/movie/644,https://image.tmdb.org/t/p/w500/wnUAcUrMRGPPZUDroLeZhSjLkuu.jpg,
11619,Flushed Away,22 Oktober 2006,6.34,4185,Adventure | Animation | Comedy | Family,,https://www.themoviedb.org/movie/11619,https://image.tmdb.org/t/p/w500/ahVxu86XwxMp8RkartqY4B3mK9l.jpg,"Saksikan petualangan gila-gilaan jauh di dalam Ratropolis saat Roddy, tikus kelas atas, dibuang ke toilet oleh Sid, tikus got biasa."
5876,The Mist,21 November 2007,6.952,6071,Horror | Science Fiction | Thriller,,https://www.themoviedb.org/movie/5876,https://image.tmdb.org/t/p/w500/c4UgUKZjM0Qzy5t4hAXSOFHYsnb.jpg,"Setelah badai dahsyat melanda sebuah kota kecil, para penduduk menemukan kabut jahat melayang-layang di kota mereka dan membunuh siapa saja yang berada di luar rumah."
460465,Mortal Kombat,7 April 2021,7.039,7022,Action | Fantasy | Adventure,,https://www.themoviedb.org/movie/460465,https://image.tmdb.org/t/p/w500/nkayOAUBUu4mMvyNf9iHSUiPjF1.jpg,
15121,The Sound of Music,29 Maret 1965,7.729,3728,Drama | Family | Music | Romance,,https://www.themoviedb.org/movie/15121,https://image.tmdb.org/t/p/w500/c6CrUZypAsBCaRWX0M3RVRDbhNS.jpg,
162,Edward Scissorhands,7 Desember 1990,7.72,14019,Fantasy | Drama | Romance,,https://www.themoviedb.org/movie/162,https://image.tmdb.org/t/p/w500/e0FqKFvGPdQNWG8tF9cZBtev9Em.jpg,
1576586,"Cannabis, un paradoxe français",1 Maret 2025,0,0,Documentary,,https://www.themoviedb.org/movie/1576586,https://image.tmdb.org/t/p/w500/m4vYYW4LwgTIViZYc9v70rPBz38.jpg,
508883,Kimitachi wa Dou Ikiru ka,14 Juli 2023,7.38,2788,Animation | Fantasy | Drama,,https://www.themoviedb.org/movie/508883,https://image.tmdb.org/t/p/w500/aISxbDBgdeiPRbhVyfGP7a4LYk5.jpg,
141,Donnie Darko,19 Januari 2001,7.758,13725,Fantasy | Drama | Mystery,,https://www.themoviedb.org/movie/141,https://image.tmdb.org/t/p/w500/j2AtZFsflxiluaNtajMTI0Avm8C.jpg,
1372,Blood Diamond,8 Desember 2006,7.559,8525,Drama | Thriller | Action,,https://www.themoviedb.org/movie/1372,https://image.tmdb.org/t/p/w500/sYAUuiWpoXGKHxUfHyjTj7Apj2h.jpg,"Di Sierra Leone yang dilanda perang, si penyelundup berlian mencoba menyatukan kembali si nelayan & keluarganya dengan imbalan batu permata raksasa yang nelayan temukan."
1229898,"MoviePass, MovieCrash",9 Maret 2024,6.624,37,Documentary,,https://www.themoviedb.org/movie/1229898,https://image.tmdb.org/t/p/w500/eWht9uFRrqmqnLDL5F9grwUiL62.jpg,
1927,Hulk,19 Juni 2003,5.6,6444,Science Fiction | Adventure | Action | Drama,,https://www.themoviedb.org/movie/1927,https://image.tmdb.org/t/p/w500/UllIft2jLSBaay3zQyMV4GNdfy.jpg,"Bruce Banner, seorang peneliti genetika dengan masa lalu yang tragis, menderita paparan radiasi besar di laboratoriumnya yang menyebabkan dia berubah menjadi monster hijau yang mengamuk saat dia marah."
615777,Babylon,22 Desember 2022,7.3,3917,Drama | Comedy,,https://www.themoviedb.org/movie/615777,https://image.tmdb.org/t/p/w500/wjOHjWCUE0YzDiEzKv8AfqHj3ir.jpg,
1197137,Black Phone 2,15 Oktober 2025,6.643,1322,Horror | Thriller,,https://www.themoviedb.org/movie/1197137,https://image.tmdb.org/t/p/w500/vBOpqxW0SDhACwEO2LZT29DuNG2.jpg,
2034,Training Day,5 Oktober 2001,7.53,6812,Action | Crime | Drama,,https://www.themoviedb.org/movie/2034,https://image.tmdb.org/t/p/w500/bUeiwBQdupBLQthMCHKV7zv56uv.jpg,
10830,Matilda,2 Agustus 1996,7.183,4933,Comedy | Family | Fantasy,,https://www.themoviedb.org/movie/10830,https://image.tmdb.org/t/p/w500/wYoDpWInsBEVSmWStnRH06ddoyk.jpg,
288987,Quella età maliziosa,11 Maret 1975,6.426,88,Drama | Romance,,https://www.themoviedb.org/movie/288987,https://image.tmdb.org/t/p/w500/n9E6006h7GTfbBi3cmsyh0SuJPh.jpg,
290250,The Nice Guys,15 Mei 2016,7.134,8894,Comedy | Crime | Action,,https://www.themoviedb.org/movie/290250,https://image.tmdb.org/t/p/w500/clq4So9spa9cXk3MZy2iMdqkxP2.jpg,
412117,The Secret Life of Pets 2,24 Mei 2019,6.948,3411,Animation | Comedy | Family | Adventure,,https://www.themoviedb.org/movie/412117,https://image.tmdb.org/t/p/w500/s9xg4V5EDKiphgIksVJ9gewBM11.jpg,"Dua anjing rumahan, Duke dan Max, kian akrab dengan bayi baru di keluarga itu dan terbiasa hidup di peternakan. Teman-teman hewan pun mengurus krisis-krisis baru di kota."
89,Indiana Jones and the Last Crusade,24 Mei 1989,7.856,11330,Adventure | Action,,https://www.themoviedb.org/movie/89,https://image.tmdb.org/t/p/w500/sizg1AU8f8JDZX4QIgE4pjUMBvx.jpg,"Pada tahun 1938, setelah ayahnya hilang saat mengejar Holy Grail, Indiana Jones menemukan dirinya melawan Nazi lagi untuk menghentikan mereka mendapatkan kekuatannya."
343611,Jack Reacher: Never Go Back,19 Oktober 2016,6.032,5468,Action | Thriller | Drama | Crime,,https://www.themoviedb.org/movie/343611,https://image.tmdb.org/t/p/w500/cOg3UT2NYWHZxp41vpxAnVCOC4M.jpg,"Mengambil setting empat tahun setelah petualangan di film pertama. Jack Reacher (Tom Cruise) kembali ke markas dari unit ia dulu bekerja. Namun disana, ia dituduh terlibat atas pembunuhan yang terjadi 16 tahun yang lalu. Ia juga menemukan bahwa atasannya terdahulu, Susan Turner (Cobie Smulders), ditangkap atas tuduhan pengkhianatan.  Yakin bahwa atasannya tidak bersalah, Jack berniat untuk membebaskan Susan dari penjara, dan mengungkap kebenaran dibalik konspirasi pemerintah yang melibatkan mereka. Dalam pelarian, Jack baru mengetahui kalau ia hanyalah bagian kecil dari sebuah rahasia besar, yang berhubungan dengan masa lalunya."
1097549,Babygirl,25 Desember 2024,5.719,1287,Romance | Thriller,,https://www.themoviedb.org/movie/1097549,https://image.tmdb.org/t/p/w500/ilwO6elz3mLV9CToT7C8pjVeKX0.jpg,
9323,GHOST IN THE SHELL / 攻殻機動隊,18 November 1995,7.928,4035,Action | Animation | Science Fiction,,https://www.themoviedb.org/movie/9323,https://image.tmdb.org/t/p/w500/z9S9V4vtVJqyHxFfI8HFWCobdrH.jpg,
336843,Maze Runner: The Death Cure,10 Januari 2018,7.079,8562,Science Fiction | Action | Adventure | Thriller,,https://www.themoviedb.org/movie/336843,https://image.tmdb.org/t/p/w500/s8K0US4tUEoOrQ1LDh0eppuwGDx.jpg,
9737,Bad Boys,7 April 1995,6.832,7127,Action | Thriller | Crime | Comedy,,https://www.themoviedb.org/movie/9737,https://image.tmdb.org/t/p/w500/x1ygBecKHfXX4M2kRhmFKWfWbJc.jpg,
787723,13 Minutes,29 Oktober 2021,5.814,299,Action | Drama | Thriller,,https://www.themoviedb.org/movie/787723,https://image.tmdb.org/t/p/w500/oKng4fEr4QgS869UuWLSjAsR2rz.jpg,
843,花樣年華,29 September 2000,8.1,3365,Drama | Romance,,https://www.themoviedb.org/movie/843,https://image.tmdb.org/t/p/w500/iYypPT4bhqXfq1b6EnmxvRt6b2Y.jpg,
1592,Primal Fear,3 April 1996,7.661,4137,Crime | Drama | Thriller,,https://www.themoviedb.org/movie/1592,https://image.tmdb.org/t/p/w500/qJf2TzE8nRTFbFMPJNW6c8mI0KU.jpg,
9509,Man on Fire,23 April 2004,7.465,5873,Action | Drama | Thriller,,https://www.themoviedb.org/movie/9509,https://image.tmdb.org/t/p/w500/grCGLCcTHv9TChibzOwzUpykcjB.jpg,
1585862,A Terceira Clave,31 Oktober 2025,10,1,Drama | Music,,https://www.themoviedb.org/movie/1585862,https://image.tmdb.org/t/p/w500/9YvR62VyBXYRtaqbNeBrTeqzQ17.jpg,
10330,Freaky Friday,5 Agustus 2003,6.6,4363,Comedy | Family | Fantasy,,https://www.themoviedb.org/movie/10330,https://image.tmdb.org/t/p/w500/y6kn3tUb4qrNZvV4TDIIjskZ9eV.jpg,
335787,Uncharted,10 Februari 2022,6.872,7137,Action | Adventure | Mystery,,https://www.themoviedb.org/movie/335787,https://image.tmdb.org/t/p/w500/rJHC1RUORuUhtfNb4Npclx0xnOf.jpg,"Pemburu harta karun cerdik, Nathan Drake, dan mentornya yang pembangkang, Sully, memulai petualangan berbahaya di seluruh dunia untuk menemukan emas Magellan yang hilang."
194662,Birdman or (The Unexpected Virtue of Ignorance),17 Oktober 2014,7.435,13806,Drama | Comedy,,https://www.themoviedb.org/movie/194662,https://image.tmdb.org/t/p/w500/rHUg2AuIuLSIYMYFgavVwqt1jtc.jpg,"Seorang aktor superhero yang sudah ketinggalan zaman berusaha untuk menghidupkan kembali kariernya yang memudar dengan menulis, mensutradarai, dan membintangi produksi Broadway."
1167307,David,14 Desember 2025,8.045,191,Animation | Family | Drama | History | Adventure,,https://www.themoviedb.org/movie/1167307,https://image.tmdb.org/t/p/w500/bESlrLOrsQ9gKzaGQGHXKOyIUtX.jpg,
628,Interview with the Vampire,11 November 1994,7.387,6597,Horror | Drama | Fantasy,,https://www.themoviedb.org/movie/628,https://image.tmdb.org/t/p/w500/t7NU8IcmcNBrlunCxiycX9JV7Rp.jpg,
1698575,"Snoopy Presents: There's No Place Like Home, Snoopy",30 Juli 2026,8.4,38,Animation | Family,,https://www.themoviedb.org/movie/1698575,https://image.tmdb.org/t/p/w500/YbC4SlzE030BgxWdKDdlatMh5W.jpg,"Ketika rumah kesayangan Snoopy menghilang, ia mencoba melacaknya, dan menyadari apa yang membuat suatu tempat menjadi rumah."
675353,Sonic the Hedgehog 2,30 Maret 2022,7.418,6007,Action | Adventure | Family | Comedy,,https://www.themoviedb.org/movie/675353,https://image.tmdb.org/t/p/w500/mIFyofRiMvzA6ikCTDfhb5um6Vy.jpg,"Alur cerita film Sonic the Hedgehog 2 bermula ketika Sonic menetap di Green Hills. Ia memutuskan menetap di sana agar bisa merasakan lebih banyak kebebasan. Ditambah lagi, Tom dan Maddie setuju untuk meninggalakannya di rumah ketika mereka pergi untuk berlibur. Namun sayangnya, tidak lama setelah mereka pergi Dr. Robotnik sang musuh bubuyutan si landak biru itu kembali ke bumi. Kali ini Dr. Robotnik datang dengan pasukan baru, Knuckles. Tujuan mereka datang kembali adalah untuk mencari Master Emerald yang memiliki kekuatan super. Kekuatan super itu bisa membangun dan menghancurkan peradaban di bumi. Atas hal ini, Sonic pun mencari strategi agar bisa menggagalkan rencara Dr. Robotnik. Strategi yang dilakukan oleh Sonic ialah bekerjasama dengan sahabatnya, Tails. Kemudian bersama dengan Tails, Sonic memulai perjalanan untuk menemukan Master Emerald. Semua itu dilakukan dengan cepat, sebelum Master Emerald jatuh ke tangan yang salah."
19404,Dilwale Dulhania Le Jayenge,20 Oktober 1995,8.5,4620,Comedy | Drama | Romance,,https://www.themoviedb.org/movie/19404,https://image.tmdb.org/t/p/w500/2CAL2433ZeIihfX1Hb2139CX0pW.jpg,
1592032,怒袭,12 Februari 2026,6,4,Action | Crime | Thriller,,https://www.themoviedb.org/movie/1592032,https://image.tmdb.org/t/p/w500/4mTK8drt1EWo1AzqBrV4mJA04Wh.jpg,
296,Terminator 3: Rise of the Machines,2 Juli 2003,6.201,7461,Action | Thriller | Science Fiction,,https://www.themoviedb.org/movie/296,https://image.tmdb.org/t/p/w500/vvevzdYIrk2636maNW4qeWmlPFG.jpg,
300668,Annihilation,22 Februari 2018,6.448,9603,Science Fiction | Horror,,https://www.themoviedb.org/movie/300668,https://image.tmdb.org/t/p/w500/4YRplSk6BhH6PRuE9gfyw9byUJ6.jpg,
70,Million Dollar Baby,5 Desember 2004,7.953,10569,Drama,,https://www.themoviedb.org/movie/70,https://image.tmdb.org/t/p/w500/jcfEqKdWF1zeyvECPqp3mkWLct2.jpg,
346,七人の侍,26 April 1954,8.451,4359,Action | Drama,,https://www.themoviedb.org/movie/346,https://image.tmdb.org/t/p/w500/8podTebyeH6sn31atpdappdgaCE.jpg,
335,C'era una volta il West,21 Desember 1968,8.265,5039,Drama | Western,,https://www.themoviedb.org/movie/335,https://image.tmdb.org/t/p/w500/3MPqF2iK6ZBoagnB5H1pjImHpHc.jpg,